{
    "axiom.capability.force_place.description": "Ignore les restrictions de placement des blocs",
    "axiom.tool.noise_painter.cumulative_distribution": "Distribution cumulative",
    "axiom.editorui.window.world_properties.day": "Jour",
    "axiom.tool.clentaminator.decorations": "Décorations",
    "axiom.editorui.window.blueprint_browser.delete": "Effacer",
    "axiom.editorui.window.palette.delete": "Effacer %s",
    "axiom.capability.bulldozer.title": "Bulldozer",
    "axiom.buildertool.cancel": "Annuler",
    "axiom.buildertool.clone": "Cloner",
    "axiom.editorui.mainmenu.create.cone": "Cône...",
    "axiom.buildertool.confirm": "Confirmer",
    "axiom.editorui.mainmenu.edit.copy": "Copier",
    "axiom.editorui.mainmenu.create": "Créer",
    "axiom.editorui.crosshair": "Pointeur",
    "axiom.editorui.mainmenu.create.cuboid": "Cuboïde...",
    "axiom.editorui.mainmenu.edit.cut": "Couper",
    "axiom.editorui.mainmenu.create.cylinder": "Cylindre...",
    "axiom.editorui.mainmenu.operations.drain": "Drainer",
    "axiom.editorui.mainmenu.select.clear": "Supprimer",
    "axiom.editorui.mainmenu.toolmasks.clear": "Supprimer",
    "axiom.editorui.mainmenu.select.distort": "Distordre...",
    "axiom.editorui.window.blueprint_browser.add_folder": "Ajouter un dossier",
    "axiom.editorui.window.analyze": "Analyse",
    "axiom.editorui.window.analyze.do_analyze": "Analyser",
    "axiom.editorui.window.blueprint_browser.sort_by.ascending": "Ascendant",
    "axiom.editorui.window.active_block": "Bloc actif",
    "axiom.editorui.window.blueprint_browser.automatically_refresh": "Rafraîchir automatiquement",
    "axiom.editorui.window.analyze.block_type": "Bloc",
    "axiom.editorui.window.blueprint_browser.sort_by.block_count": "Quantité de bloc",
    "axiom.editorui.window.blueprint_browser": "Navigateur de schéma",
    "axiom.editorui.window.analyze.clear_information": "Supprimer",
    "axiom.editorui.window.clipboard.clear": "Supprimer",
    "axiom.editorui.window.clipboard": "Presse-papier",
    "axiom.editorui.window.blueprint_browser.close": "Fermer",
    "axiom.editorui.window.blueprint_browser.confirm": "Confirmer",
    "axiom.editorui.window.analyze.block_count": "Quantité",
    "axiom.editorui.window.blueprint_browser.sort_by.descending": "Descendant",
    "axiom.editorui.window.blueprint_browser.overflow_files_message": "Détection d'un grand nombre de modifications de fichiers",
    "axiom.editorui.window.blueprint_browser.disable_auto_refresh": "Désactiver l'actualisation automatique",
    "axiom.editorui.window.analyze.block_distribution": "Distribution",
    "axiom.editorui.window.create_blueprint.angle": "Angle",
    "axiom.editorui.window.create_blueprint.author": "Auteur",
    "axiom.editorui.window.create_blueprint.bp_filter_description": "Fichier des schéma",
    "axiom.editorui.window.create_blueprint": "Créer un schéma",
    "axiom.editorui.window.create_shape": "Créer une forme",
    "axiom.editorui.window.create_shape.advanced": "Avancé",
    "axiom.editorui.window.create_shape.cone": "Cône",
    "axiom.editorui.window.create_shape.copied": "Copié !",
    "axiom.editorui.window.create_shape.copy_to_clipboard": "Copier dans le presse-papier",
    "axiom.editorui.window.fill.all": "Tout",
    "axiom.editorui.window.fill.bottom": "Le fond",
    "axiom.editorui.window.create_shape.cuboid": "Cuboïde",
    "axiom.editorui.window.create_shape.cylinder": "Cylindre",
    "axiom.editorui.window.distort_selection.distance": "Distance",
    "axiom.editorui.window.distort_selection.do_distort": "Distordre",
    "axiom.editorui.window.distort_selection": "Distordre la sélection",
    "axiom.editorui.window.palette.add_new_category": "Ajouter une catégorie",
    "axiom.editorui.window.palette.after": "Après %s",
    "axiom.editorui.window.tool_masks.mask_all": "Tout",
    "axiom.editorui.window.tool_masks.mask_angle": "Angle",
    "axiom.editorui.window.tool_masks.mask_any": "N'importe",
    "axiom.editorui.window.palette.are_you_sure_delete": "Êtes-vous sûr de vouloir supprimer '%s' ?",
    "axiom.editorui.window.palette.before": "Avant %s",
    "axiom.editorui.window.tool_masks.mask_below": "Inférieur à",
    "axiom.editorui.window.tool_masks.mask_block": "Bloc",
    "axiom.editorui.window.palette.child_of": "Enfant de %s",
    "axiom.editorui.window.palette.custom": "Personnalisé",
    "axiom.editorui.window.target_info.distance": "Distance : %s",
    "axiom.editorui.window.world_properties.block_drops": "Drop des blocs",
    "axiom.editorui.window.world_properties.block_gravity": "Gravité des blocs",
    "axiom.editorui.window.world_properties.blocks": "Blocs",
    "axiom.history_description.cloned": "%s blocs clonés",
    "axiom.history_description.cut": "%s blocs coupés",
    "axiom.history_description.deleted": "%s blocs effacés",
    "axiom.history_description.deselected": "%s blocs désélectionnés",
    "axiom.history_description.deselected_all": "Tous les blocs sont désélectionnés",
    "axiom.history_description.distorted": "%s blocs distordus",
    "axiom.keybind": "Axiom",
    "axiom.keybind_capabilities": "Axiom (Options)",
    "axiom.keybind_categories.basic": "Basique",
    "axiom.keybind.builder_tool_slot": "Ceinture porte-outils",
    "axiom.keybind.context": "Menu contextuel",
    "axiom.keybinds.copy": "Copier",
    "axiom.keybinds.cut": "Couper",
    "axiom.keymod.alt": "Alt",
    "axiom.tool.biome_painter": "Pinceau à biome",
    "axiom.tool.box_select": "Sélection de zone",
    "axiom.tool.clentaminator.clear": "Supprimer",
    "axiom.tool.clentaminator": "Bioaltérer",
    "axiom.keymod.mac_cmd": "Commande",
    "axiom.keymod.ctrl": "Ctrl",
    "axiom.tool.clentaminator.dirt_ground": "Sol de terre",
    "axiom.tool.distort.distance": "Distance",
    "axiom.tool.distort.distance_x": "Distance X",
    "axiom.tool.distort.distance_y": "Distance Y",
    "axiom.tool.distort.distance_z": "Distance Z",
    "axiom.tool.distort": "Distordre",
    "axiom.tool.distort.distortion": "Distorsion",
    "axiom.tool.magic_select.compare_any": "N'importe",
    "axiom.tool.magic_select.compare_block": "Bloc",
    "axiom.tool.noise_painter.block_mode_count": "Quantité de bloc",
    "axiom.tool.magic_select.compare_blockstate": "États des blocs",
    "axiom.tool.noise_painter.blocks": "Blocs",
    "axiom.tool.generic.brush": "Brosse",
    "axiom.tool.magic_select.compare_mode": "Comparer à",
    "axiom.tool.extrude.displace": "Déplacer",
    "axiom.tool.roughen.mode_add": "Ajoute",
    "axiom.tool.ruler.add_point": "Ajouter un point",
    "axiom.tool.rock.preview_disabled": "Automatiquement désactivé si le rayon est > %s",
    "axiom.tool.ruler.bounding_size": "Zone délimitée = %s, %s, %s",
    "axiom.tool.sculpt_draw.denoise": "Débruiter",
    "axiom.tool.shatter.axis_3d": "3D",
    "axiom.widget.add_blueprint_tag": "Ajouter un tag",
    "axiom.tool.shatter.axis": "Axe",
    "axiom.tool.smooth.block_ratio": "Ratio de bloc",
    "axiom.widget.cancel": "Annuler",
    "axiom.tool.slope.tutorial1": "Cliquer une fois pour définir la position cible",
    "axiom.tool.slope.mode_cone": "Cône",
    "axiom.widget.confirm": "Confirmer",
    "axiom.widget.create_blueprint_tag": "Créer un tag",
    "axiom.tool.shape.cube": "Cube",
    "axiom.widget.delete": "Effacer",
    "axiom.tool.slope.tutorial2": "Glisser la souris d'un endroit à un autre pour dessiner une pente",
    "gamerule.axiomPlayerInvulnerability": "(Axiom) Invulnérabilité du joueur",
    "gamerule.axiomDoTrampleFarmland": "(Axiom) Protéger la terre labourée",
    "gamerule.axiomDoBlockGravity": "(Axiom) Gravité des blocs",
    "gamerule.axiomDoBlockDrops": "(Axiom) Drop des blocs",
    "axiom.widget.error_biome_registry": "Ce registre de biome n'existe pas !",
    "axiom.editorui.window.clipboard.copy_hint": "%s permet de copier la sélection dans le presse-papier",
    "axiom.editorui.window.blueprint_browser.file_missing_message2": "L'avez-vous déplacé ou supprimé en utilisant %s ?",
    "axiom.editorui.window.active_block.edit_properties_below": "*Éditer les propriétés ci-dessous",
    "axiom.tool.rock.smoothing_stddev.description": "0 = pas de lissage\n2 = lissage normal (~4 blocs) \n5 = lissage fort (~10 blocs)",
    "axiom.tool.noise_painter.3d_mode": "Mode 3D",
    "axiom.editorui.window.tool_masks.mask_above": "Supérieur à",
    "axiom.tool.selection.add": "Ajouter",
    "axiom.editorui.window.palette.add_block_to": "Ajouter le bloc à %s",
    "axiom.editorui.window.palette.add_new_block": "Ajouter un bloc",
    "axiom.tool.generic.advanced_options": "Avancé",
    "axiom.tool.clentaminator.allow_tall_grass": "Permettre les hautes herbes",
    "axiom.editorui.mainmenu.operations.analyze": "Analyser...",
    "axiom.widget.any_block_property": "N'importe",
    "axiom.keybinds.arcball_camera": "Caméra orbitale",
    "axiom.tutorial.history": "Axiom enregistre le changement des blocs, ce qui vous permet d'annuler ou restaurer les modifications. Cette fenêtre vous montre les changements. (Astuce : le clic gauche remonte l'historique tandis que le clic droit vous permet de regarder les changements)",
    "axiom.history_description.biome_painted": "Peinture de biome appliquée à %s blocs",
    "axiom.editorui.mainmenu.select.bounding_box": "Zone délimitée",
    "axiom.editorui.mainmenu.edit": "Éditer",
    "axiom.capability.airplane.title": "Vol amélioré",
    "axiom.editorui.mainmenu.operations.fill_bottom": "Remplir le fond...",
    "axiom.editorui.mainmenu.toolmasks.edit": "Éditer",
    "axiom.editorui.mainmenu.select.expand": "Étendre...",
    "axiom.editorui.mainmenu.operations.fill_category": "Remplir",
    "axiom.editorui.mainmenu.operations.fill_nearest": "Remplir le plus proche",
    "axiom.editorui.mainmenu.operations.fill_top": "Remplir le dessus...",
    "axiom.editorui.mainmenu.operations.fill_walls": "Remplir les côtés...",
    "axiom.editorui.mainmenu.operations.fill_outline": "Remplir la surface...",
    "axiom.editorui.window.blueprint_browser.edit_blueprint": "Éditer le schéma",
    "axiom.editorui.window.clipboard.empty": "Vide",
    "axiom.editorui.window.blueprint_browser.move_file_already_exists": "Le fichier '%s' existe déjà dans le dossier",
    "axiom.editorui.window.blueprint_browser.file_missing_message1": "Le fichier '%s' n'existe plus !",
    "axiom.editorui.window.expand_selection.do_expand": "Étendre",
    "axiom.editorui.window.expand_selection": "Étendre la sélection",
    "axiom.editorui.window.expand_selection.expand_selection_by": "Étendre la sélection de",
    "axiom.editorui.window.fill": "Remplir",
    "axiom.editorui.window.palette.invalid_name_duplicate": "Nom en double : %s existe déjà",
    "axiom.editorui.window.set_biome.fill_vertically": "Remplir verticalement",
    "axiom.history_description.drew": "%s blocs dessinés",
    "axiom.history_description.elevation_tool": "%s blocs nivelés",
    "axiom.history_description.expanded": "%s blocs étendus",
    "axiom.history_description.extrude_tool": "%s blocs ajustés",
    "axiom.keybind_categories.edit": "Éditer",
    "axiom.tool.elevation": "Niveler",
    "axiom.tool.clentaminator.fertile_ocean_floor": "Fond d'océan fertile",
    "axiom.tool.biome_painter.fill_vertically": "Remplir verticalement",
    "axiom.tool.extrude.mode.expand": "Étendre",
    "axiom.tool.extrude": "Ajuster",
    "axiom.widget.false_block_property": "Faux",
    "axiom.widget.error": "Erreur",
    "axiom.editorui.mainmenu.operations.fill": "Remplir...",
    "axiom.buildertool.first_point": "Premier point",
    "axiom.capability.force_place.title": "Forcer le placement",
    "axiom.editorui.mainmenu.operations.fill_outline_description": "Rempli uniquement les bords de la sélection avec un bloc",
    "axiom.editorui.mainmenu.operations.fill_bottom_description": "Rempli le fond de la sélection avec un bloc",
    "axiom.editorui.mainmenu.operations.fill_walls_description": "Rempli uniquement les surfaces horizontale de la sélection avec un bloc",
    "axiom.editorui.mainmenu.operations.fill_description": "Rempli la sélection avec un bloc",
    "axiom.editorui.mainmenu.operations.fill_top_description": "Rempli le dessus de la sélection avec un bloc",
    "axiom.editorui.mainmenu.operations.gravity": "Gravité",
    "axiom.editorui.window.blueprint_browser.file_browser_osx": "le Finder",
    "axiom.editorui.window.world_properties.fire_tick": "Propagation du feu",
    "axiom.history_description.flatten_tool": "%s blocs aplatis",
    "axiom.editorui.window.world_properties.freeze_time": "Arrêter le cycle du temps",
    "axiom.keybinds.quick_fill.fill_with": "Remplir avec...",
    "axiom.keybinds.flip_placement": "Inverser le placement",
    "axiom.tool.clentaminator.grass": "Herbe",
    "axiom.tool.clentaminator.grassiness": "Herbosité",
    "axiom.tool.clentaminator.gravel_ground": "Sol de gravier",
    "axiom.tool.flatten": "Aplatir",
    "axiom.tool.freehand_draw": "Dessiner",
    "axiom.tool.freehand_select": "Sélection libre",
    "axiom.tool.noise_painter.gain": "Gain",
    "axiom.widget.from_block": "De",
    "axiom.tool.smooth.fix_edges": "Fixer les bords",
    "axiom.tutorial.tool_options": "Vous pouvez trouver ici les paramètres de l'outil sélectionné.",
    "axiom.editorui.mainmenu.help": "Aide",
    "axiom.editorui.hold_for_more_options": "Maintenez %s pour plus d'options",
    "axiom.capability.bulldozer.description": "Maintenez %s pour casser les blocs très rapidement",
    "axiom.editorui.window.history": "Historique",
    "axiom.tool.heightmap.height": "Hauteur",
    "axiom.tool.smooth.mode_grow": "Grossir",
    "axiom.keybind_options.use_vanilla_movement": "Utiliser les mouvements par défaut du jeu",
    "axiom.editorui.mainmenu.edit.undo": "Annuler",
    "axiom.editorui.mainmenu.edit.undo_named": "Annuler %s",
    "axiom.capability.tinker.description": "Diverses interactions utiles lors du clic-droit avec le poing",
    "axiom.capability.airplane.description": "Rend le vol plus précis : désactive l'inertie du mouvement et le déplacement va dans le sens de la caméra",
    "axiom.buildertool.move": "Déplacer",
    "axiom.editorui.mainmenu.help.keybinds": "Raccourcis...",
    "axiom.editorui.left_mouse_short": "Clic gauche",
    "axiom.capability.no_updates.title": "Pas de mise à jour",
    "axiom.editorui.mainmenu.operations": "Opérations",
    "axiom.capability.no_updates.description": "Empêche le déclenchement des mises à jour des blocs voisins lors du placement ou de la destruction",
    "axiom.editorui.mainmenu.create.pyramid": "Pyramide...",
    "axiom.editorui.mainmenu.edit.redo": "Rétablir",
    "axiom.editorui.mainmenu.edit.redo_named": "Rétablir %s",
    "axiom.capability.replace_mode.title": "Mode remplacement",
    "axiom.capability.replace_mode.description": "Clic droit sur les blocs permet de les remplacer par le bloc tenu en main",
    "axiom.editorui.mainmenu.edit.save_blueprint": "Sauvegarder le schéma",
    "axiom.buildertool.clone.scroll": "Utiliser la molette pour cloner",
    "axiom.buildertool.move.scroll": "Utiliser la molette pour déplacer",
    "axiom.buildertool.smear.scroll": "Utiliser la molette pour étaler",
    "axiom.buildertool.stack.scroll": "Utiliser la molette pour empiler",
    "axiom.buildertool.second_point": "Second point",
    "axiom.buildertool.smear": "Étaler",
    "axiom.editorui.mainmenu.create.sphere": "Sphère...",
    "axiom.buildertool.stack": "Empiler",
    "axiom.capability.tinker.title": "Bricolage",
    "axiom.editorui.mainmenu.view": "Vues",
    "axiom.editorui.spectators_generate_chunks_warning": "Attention : La règle de jeu 'spectatorsGenerateChunks' est sur 'false', cela peut créer d'importants problèmes avec le menu d'édition. Veuillez mettre la règle de jeu sur 'true'",
    "axiom.editorui.mainmenu.operations.waterlog": "Remplir d'eau",
    "axiom.editorui.mainmenu.window": "Fenêtres",
    "axiom.editorui.mainmenu.window.windows": "Fenêtres",
    "axiom.editorui.mainmenu.view.liquid_opacity": "Opacité des liquides",
    "axiom.editorui.middle_mouse_short": "Clic molette",
    "axiom.editorui.view.main_name": "Principal",
    "axiom.editorui.mainmenu.select.mask": "Masque...",
    "axiom.editorui.mainmenu.view.min_brightness": "Luminosité minimum",
    "axiom.editorui.multiple_keybinds": "Multiple choix",
    "axiom.editorui.view.create_new": "Nouvelle vue",
    "axiom.editorui.view.new_view_name": "Nouvelle vue",
    "axiom.editorui.no_keybind": "Pas défini",
    "axiom.editorui.pin_location": "Épingler l'emplacement",
    "axiom.editorui.pin_world": "Épingler le monde",
    "axiom.editorui.right_mouse_short": "Clic droit",
    "axiom.editorui.mainmenu.operations.fill_nearest_description": "Remplace les blocs d'air par leurs bloc voisin le plus proche qui n'est pas de l'air",
    "axiom.editorui.mainmenu.operations.replace": "Remplacer...",
    "axiom.editorui.mainmenu.select": "Sélection",
    "axiom.editorui.mainmenu.operations.set_biome": "Définir le biome...",
    "axiom.editorui.mainmenu.view.show_selection": "Afficher la sélection",
    "axiom.editorui.mainmenu.view.show_key_presses": "Afficher les touches pressées",
    "axiom.editorui.mainmenu.view.show_biomes": "Afficher les biomes",
    "axiom.editorui.mainmenu.select.shrink": "Rétrécir...",
    "axiom.editorui.mainmenu.operations.simulation_category": "Simulation",
    "axiom.editorui.mainmenu.select.smooth": "Lisser...",
    "axiom.editorui.mainmenu.toolmasks": "Masque d'outil",
    "axiom.editorui.window.blueprint_browser.unnamed_blueprint": "Sans nom",
    "axiom.editorui.window.blueprint_browser.file_browser_win": "l'explorateur de Windows",
    "axiom.editorui.window.clipboard.placement_options.keep_existing": "Maintenir existant",
    "axiom.editorui.window.blueprint_browser.move_file": "Déplacer",
    "axiom.editorui.window.blueprint_browser.file_browser_other": "l'explorateur de fichier de votre système",
    "axiom.editorui.window.blueprint_browser.sort_by.name": "Nom",
    "axiom.editorui.window.blueprint_browser.new_folder": "Nouveau dossier",
    "axiom.editorui.window.blueprint_browser.new_folder_i": "Nouveau dossier (%s)",
    "axiom.editorui.window.blueprint_browser.file_missing": "Ce fichier n'existe pas !",
    "axiom.editorui.window.blueprint_browser.overflow_files": "Débordement !",
    "axiom.editorui.window.blueprint_browser.move_file_overwrite": "Remplacer",
    "axiom.editorui.window.clipboard.placement_options": "Options de placement",
    "axiom.editorui.window.blueprint_browser.reload": "Recharger",
    "axiom.editorui.window.blueprint_browser.rename_file": "Renommer le fichier",
    "axiom.editorui.window.blueprint_browser.sort_by": "Trier par",
    "axiom.editorui.window.block_distribution_total": "Total",
    "axiom.editorui.window.create_blueprint.name": "Nom",
    "axiom.editorui.window.clipboard.placement_options.paste_air": "Coller les blocs d'air",
    "axiom.editorui.window.clipboard.placement_options.rotate": "Rotation...",
    "axiom.editorui.window.create_blueprint.save": "Sauvegarder",
    "axiom.editorui.window.create_blueprint.save_blueprint": "Sauvegarder le schéma",
    "axiom.editorui.window.keybinds.unbind": "Délier",
    "axiom.editorui.window.fill.walls": "Côtés",
    "axiom.editorui.window.create_shape.width": "Largeur",
    "axiom.editorui.window.create_shape.yaw": "Lacet",
    "axiom.editorui.window.create_shape.hollow": "Creux",
    "axiom.editorui.window.fill.inside": "Intérieur",
    "axiom.editorui.window.keybinds": "Raccourcis",
    "axiom.editorui.window.mask_selection": "Sélection du masque",
    "axiom.editorui.window.mask_selection.mask": "Appliquer le masque",
    "axiom.editorui.window.history.no_history": "Pas d'historique",
    "axiom.editorui.window.distort_selection.noise_radius": "Rayon du bruit",
    "axiom.editorui.window.fill.outline": "Surface",
    "axiom.editorui.window.palette": "Palette",
    "axiom.editorui.window.create_shape.pitch": "Tangage",
    "axiom.editorui.window.create_shape.do_place": "Placer",
    "axiom.editorui.window.create_shape.pyramid": "Pyramide",
    "axiom.editorui.window.create_shape.radius": "Rayon",
    "axiom.editorui.window.create_shape.roll": "Roulis",
    "axiom.editorui.window.create_shape.separate_xyz": "Séparer XYZ",
    "axiom.editorui.window.create_shape.separate_xz": "Séparer XZ",
    "axiom.editorui.window.create_shape.shape": "Forme",
    "axiom.editorui.window.create_shape.sphere": "Sphère",
    "axiom.editorui.window.keybinds.conflicts_with": "Ce raccourci est en conflit avec :",
    "axiom.editorui.window.fill.top": "Dessus",
    "axiom.editorui.window.tool_masks.mask_y": "Y",
    "axiom.editorui.window.tool_masks.mask_inselection": "Sélectionné",
    "axiom.editorui.window.palette.invalid_name_blank": "Nom invalide : le champ ne peut pas être vide",
    "axiom.editorui.window.palette.invalid_name_contains_hash": "Nom invalide : il ne peut pas contenir un '#'",
    "axiom.editorui.window.tool_masks.logic": "Logique",
    "axiom.editorui.window.tool_masks.mask_near": "Proche de",
    "axiom.editorui.window.tool_masks.mask_neighbor": "Voisin de",
    "axiom.editorui.window.target_info.no_target": "Pas de cible",
    "axiom.editorui.window.tool_masks.mask_not": "Pas",
    "axiom.editorui.window.target_info.position": "Position : %s, %s, %s",
    "axiom.editorui.window.palette.recently_used": "Récemment utilisé",
    "axiom.editorui.window.palette.remove_block": "Supprimer le bloc",
    "axiom.editorui.window.palette.rename": "Renommer %s",
    "axiom.editorui.window.replace": "Remplacer",
    "axiom.editorui.window.replace.do_replace": "Remplacer",
    "axiom.editorui.window.set_biome": "Définir le biome",
    "axiom.editorui.window.set_biome.do_set_biome": "Définir le biome",
    "axiom.editorui.window.shrink_selection.do_shrink": "Rétrécir",
    "axiom.editorui.window.shrink_selection": "Rétrécir la sélection",
    "axiom.editorui.window.smooth_selection.do_smooth": "Lisser",
    "axiom.editorui.window.smooth_selection": "Lisser la sélection",
    "axiom.editorui.window.smooth_selection.stddev": "Écart-type",
    "axiom.editorui.window.target_info": "Information sur la cible",
    "axiom.editorui.window.target_info.targeted_biome": "Biome ciblé : %s",
    "axiom.editorui.window.target_info.targeted_block": "Bloc ciblé : %s",
    "axiom.editorui.window.palette.cannot_be_undone": "Cette opération NE PEUT PAS être annulé",
    "axiom.editorui.window.palette.this_will_delete_children": "Ceci va également supprimé tout les enfants de %s",
    "axiom.editorui.window.smooth_selection.threshold": "Seuil",
    "axiom.editorui.window.tool_masks": "Masque d'outil",
    "axiom.editorui.window.world_properties": "Propriétés du monde",
    "axiom.editorui.window.tool_masks.masks": "Masques",
    "axiom.history_description.melted": "%s blocs fondus",
    "axiom.editorui.window.world_properties.midnight": "Minuit",
    "axiom.editorui.window.world_properties.mob_spawning": "Apparition des créatures",
    "axiom.history_description.moved": "%s blocs déplacés",
    "axiom.editorui.window.world_properties.night": "Nuit",
    "axiom.editorui.window.tool_options.no_active_tool": "Pas d'outil actif",
    "axiom.editorui.window.world_properties.noon": "Midi",
    "axiom.history_description.painted": "%s blocs peints",
    "axiom.history_description.placed_blueprint": "%s a été placé",
    "axiom.history_description.placed": "%s blocs placés",
    "axiom.editorui.window.world_properties.player": "Joueur",
    "axiom.editorui.window.world_properties.player_invulnerability": "Invulnérabilité du joueur",
    "axiom.editorui.window.world_properties.random_tick_speed": "Vitesse des tick aléatoires",
    "axiom.history_description.rock_tool": "%s blocs façonnés",
    "axiom.history_description.roughen_tool": "%s blocs écorchés",
    "axiom.history_description.sculpt_draw_tool": "%s blocs sculptés",
    "axiom.history_description.selected": "%s blocs sélectionnés",
    "axiom.history_description.selected_additional": "+%s blocs sélectionnés",
    "axiom.editorui.window.world_properties.unavailable_description": "Le serveur ne permet pas d'éditer les propriétés du monde",
    "axiom.history_description.set_n_blocks_to": "%s blocs transformés en %s",
    "axiom.editorui.window.world_properties.time": "Temps",
    "axiom.editorui.window.tool_options": "Options de l'outil",
    "axiom.editorui.window.tools": "Outils",
    "axiom.editorui.window.world_properties.trample_farmland": "Piétinement des terres labourées",
    "axiom.editorui.window.world_properties.unavailable": "Indisponible",
    "axiom.keybind_categories.view": "Vues",
    "axiom.history_description.welded": "%s blocs soudés",
    "axiom.keybind_options.invert_camera_rotate": "Inverser la rotation de la caméra",
    "axiom.keybinds.move_backward": "Reculer",
    "axiom.keybinds.move_down": "Descendre",
    "axiom.keybinds.move_forward": "Avancer",
    "axiom.keybinds.move_left": "Aller à gauche",
    "axiom.keybinds.move_quick": "Déplacement rapide (sprint)",
    "axiom.keybinds.move_right": "Aller à droite",
    "axiom.keybinds.move_up": "Monter",
    "axiom.keybind_categories.movement": "Mouvement",
    "axiom.keybind_categories.operations": "Opérations",
    "axiom.keybind.orbit_camera": "Caméra orbitale",
    "axiom.keybinds.pan_camera": "Caméra panoramique",
    "axiom.keybinds.paste": "Coller",
    "axiom.keybinds.pick_block": "Choisir le bloc",
    "axiom.keybind_categories.placement": "Placement",
    "axiom.keybinds.quick_fill": "Remplissage rapide",
    "axiom.keybinds.quick_replace": "Remplacement rapide",
    "axiom.key.scroll_down": "Défiler vers le bas",
    "axiom.key.scroll_left": "Défiler vers la gauche",
    "axiom.key.scroll_right": "Défiler vers la droite",
    "axiom.key.scroll_up": "Défiler vers le haut",
    "axiom.history_description.shatter": "%s blocs fracturés",
    "axiom.history_description.shrunk": "%s blocs rétrécis",
    "axiom.history_description.slope_tool": "%s blocs inclinés",
    "axiom.history_description.smeared": "%s blocs étalés",
    "axiom.history_description.smoothed": "%s blocs lissés",
    "axiom.history_description.stacked": "%s blocs empilés",
    "axiom.history_description.text_tool": "%s blocs créé par le Texte",
    "axiom.keybind.toggle_bulldozer_cap": "Activer le mode bulldozer",
    "axiom.keybind.toggle_editor_ui": "Activer le menu d'édition",
    "axiom.keybind.toggle_enhanced_flight_cap": "Activer le vol amélioré",
    "axiom.keybind.toggle_force_place_cap": "Activer le placement forcé",
    "axiom.keybind.toggle_no_updates_cap": "Activer le mode 'Sans mise à jour'",
    "axiom.keybind.toggle_replace_mode_cap": "Activer le mode de remplacement",
    "axiom.keybind.toggle_tinker_cap": "Activer le bricolage",
    "axiom.keybinds.undo": "Annuler",
    "axiom.keybinds.use_tool": "Utiliser l'outil",
    "axiom.tool.biome_painter.visualize_biomes": "Visualiser les biomes",
    "axiom.keymod.win_super": "Win",
    "axiom.tool.distort.iterations": "Itérations",
    "axiom.tool.elevation.lower": "Abaisser",
    "axiom.tool.elevation.raise_lower_mode": "Mode",
    "axiom.tool.box_select.position": "Position",
    "axiom.tool.elevation.raise": "Élever",
    "axiom.keybinds.redo": "Rétablir",
    "axiom.keybinds.quick_replace.replace_from": "Remplacer (de)",
    "axiom.keybinds.quick_replace.replace_to": "Remplacer (à)",
    "axiom.keybinds.rotate_camera": "Rotation de la caméra",
    "axiom.keybinds.rotate_placement": "Rotation du placement",
    "axiom.tool.clentaminator.sand": "Sable",
    "axiom.keybinds.save_blueprint": "Sauvegarder le schéma",
    "axiom.tool.distort.scale": "Échelle",
    "axiom.tool.distort.separate_axis": "Axe distinct",
    "axiom.keymod.shift": "Shift",
    "axiom.keybinds.show_biomes": "Afficher les biomes",
    "axiom.keybinds.show_selection": "Afficher la sélection",
    "axiom.tool.box_select.shrink": "Rétrécir",
    "axiom.tool.box_select.shrink_description": "Rétrécit la sélection pour qu'elle ne contienne que les blocs qui ne sont pas de l'air",
    "axiom.tool.box_select.size": "Taille",
    "axiom.tool.distort.smooth_edges": "Lisser les bords",
    "axiom.tool.clentaminator.stone": "Pierre",
    "axiom.keymod.super": "Super",
    "axiom.tool.clentaminator.terrain": "Terrain",
    "axiom.tool.flatten.unlock_y": "Déverrouiller Y",
    "axiom.tool.noise_painter.jitter": "Instabilité",
    "axiom.tool.noise_painter.lacunarity": "Lacunarité",
    "axiom.tool.generic.limit": "Limite",
    "axiom.tool.generic.live_preview": "Aperçu en temps réel",
    "axiom.tool.flatten.lock_y": "Verrouiller en Y",
    "axiom.tool.flatten.locked_at": "Verrouillé à : %s",
    "axiom.tool.magic_select": "Sélection magique",
    "axiom.tool.generic.mask_surface": "Masque de surface",
    "axiom.tool.melt": "Fondre",
    "axiom.tool.noise_painter.metaball_noise": "Métaballe",
    "axiom.tool.extrude.mode": "Mode",
    "axiom.tool.extrude.displace_expand_description": "Déplace les surfaces d'épaisseur = 1 au lieu de les cloner",
    "axiom.tool.extrude.displace_shrink_description": "Déplace les surfaces d'épaisseur = 1 au lieu de les supprimer",
    "axiom.tool.generic.noise": "Bruit",
    "axiom.tool.noise_painter": "Pinceau à bruit",
    "axiom.tool.noise_painter.noise_preview": "Prévisualisation du bruit",
    "axiom.tool.noise_painter.octaves": "Octaves",
    "axiom.tool.generic.brush_radius": "Rayon",
    "axiom.tool.generic.noise_seed_do_randomize": "Seed aléatoire",
    "axiom.tool.magic_select.range": "Portée",
    "axiom.tool.noise_painter.metaball_range": "Portée",
    "axiom.tool.generic.reset_to_default": "Remettre par défaut",
    "axiom.tool.flatten.right_click_to_lock": "Clic droit pour verrouiller",
    "axiom.tool.generic.noise_seed": "Seed",
    "axiom.tool.generic.brush_shape": "Forme",
    "axiom.tool.heightmap.sharpness": "Netteté",
    "axiom.tool.extrude.mode.shrink": "Rétrécir",
    "axiom.tool.generic.smoothing_options": "Lissage",
    "axiom.tool.magic_select.compare_solid": "Solide",
    "axiom.tool.generic.surface_only": "Seulement la surface",
    "axiom.tool.noise_painter.block_mode_threshold": "Seuil",
    "axiom.tool.noise_painter.voronoi_edges": "Bords de Voronoï",
    "axiom.tool.noise_painter.white_noise": "Blanc",
    "axiom.tool.noise_painter.worley_noise": "Worley",
    "axiom.tool.rock.meld_strength.description": "La force avec laquelle l'outil fond dans le sol\nCeci est influencé par la valeur \"Écart-type de lissage\"",
    "axiom.tool.rock.meld_strength": "Intensité de fusion",
    "axiom.tool.painter": "Pinceau",
    "axiom.tool.noise_painter.probability_density": "Densité de probabilité",
    "axiom.tool.rock": "Façonner",
    "axiom.tool.noise_painter.scale": "Échelle",
    "axiom.tool.noise_painter.simplex_noise": "Simplexe",
    "axiom.widget.use_blueprint_tag": "Utiliser le tag",
    "axiom.widget.ok": "OK",
    "axiom.widget.remove_blueprint_tag": "Supprimer",
    "axiom.widget.rename": "Renommer",
    "axiom.widget.search_block": "Recherche",
    "axiom.widget.select_block": "Sélectionner un bloc",
    "axiom.widget.to_block": "À",
    "axiom.widget.true_block_property": "Vrai",
    "axiom.tool.rock.noise_field_seed": "Seed du champ de bruit",
    "axiom.tool.roughen": "Écorcher",
    "axiom.tutorial.tools_window": "Ceci est la fenêtre des outils. Vous pouvez y sélectionner des outils pour peindre, terraformer, définir des sélections et bien d'autres choses !",
    "axiom.tool.ruler.total_length_euclidean": "Longueur totale (euclidienne) = %s",
    "axiom.tool.rock.noisiness.description": "Intensité de l'influence du champ de bruit sur les blocs\n0 = pas de bruit, sphérique\n1 = bruit important, taches",
    "axiom.tool.ruler.yaw": "Lacet = %s",
    "axiom.tool.ruler.information": "Information",
    "axiom.tool.selection.intersect": "Intersection",
    "axiom.tool.sculpt_draw.invert": "Inverser",
    "axiom.tool.sculpt_draw.mask_y": "Masque sur Y",
    "axiom.tool.ruler.maximum": "Maximum = %s, %s, %s",
    "axiom.tool.roughen.min_faces": "Faces minimum",
    "axiom.tool.ruler.minimum": "Minimum = %s, %s, %s",
    "axiom.tool.selection.mode": "Mode",
    "axiom.tool.ruler.no_information": "Pas d'informations",
    "axiom.tool.rock.noise_radius": "Rayon du bruit",
    "axiom.tool.rock.noisiness": "Intensité du bruit",
    "axiom.tool.shape.octahedron": "Octaèdre",
    "axiom.tool.ruler.pitch": "Tangage = %s",
    "axiom.tool.ruler.point_i": "Point %s",
    "axiom.tool.ruler.points": "Points",
    "axiom.tool.rock.noise_field_seed.hint": "Aléatoire",
    "axiom.tool.roughen.ratio": "Ratio",
    "axiom.tool.roughen.mode_remove": "Enlève",
    "axiom.tool.ruler.remove_point_i": "Supprimer le point %s",
    "axiom.tool.selection.replace": "Remplacer",
    "axiom.tool.ruler": "Règle",
    "axiom.tool.sculpt_draw": "Sculpter",
    "axiom.tool.selection": "Sélection",
    "axiom.tool.rock.smoothing_stddev": "Écart-type de lissage",
    "axiom.tool.sculpt_draw.strength": "Intensité",
    "axiom.tool.selection.subtract": "Soustraire",
    "axiom.tool.ruler.total_length_manhattan": "Longueur totale (Manhattan) = %s",
    "axiom.tool.shatter.use_active_block": "Utiliser le bloc actif",
    "axiom.tool.weld": "Soudre",
    "axiom.tool.shatter.width": "Largeur",
    "axiom.tool.shatter.axis_x": "X",
    "axiom.tool.shatter.axis_y": "Y",
    "axiom.tool.shatter.axis_z": "Z",
    "axiom.tool.smooth.modifiers": "Modificateurs",
    "axiom.tool.smooth.mode_melt": "Fondre",
    "axiom.tool.slope.mode": "Mode",
    "axiom.tool.slope.mode_plane": "Plan",
    "axiom.widget.block_properties": "Propriétés",
    "axiom.tool.shatter.scale": "Échelle",
    "axiom.tool.shatter": "Fracturer",
    "axiom.tool.text.text_size": "Taille",
    "axiom.tool.slope": "Incliner",
    "axiom.tool.smooth": "Lisser",
    "axiom.tutorial.active_block": "Certains outils requiert un bloc à placer ou avec lequel peindre. Vous pouvez cliquer ici, sur l'icône des blocs, pour les intervertir.",
    "axiom.tool.shape.sphere": "Sphère",
    "axiom.tool.smooth.mode_stable": "Stable",
    "axiom.tool.smooth.strength": "Intensité",
    "axiom.tool.weld.strength": "Intensité",
    "axiom.widget.block_tags": "Tags",
    "axiom.widget.blueprint_tags": "Tags",
    "axiom.tool.text": "Texte",
    "axiom.tool.text.text_input": "Texte",
    "axiom.tutorial.main_window": "Ceci est la fenêtre principale.\n%s vous permet de tourner la caméra.\n%s vous permet d'utiliser les outils.\n%s vous permet d'utiliser la caméra orbitale.\nVous pouvez utiliser la molette pour vous approcher ou vous éloigner d'un point.",
    "axiom.tool.weld.threshold": "Seuil",
    "axiom.editorui.window.clipboard.n_blocks": "%s blocs",
    "axiom.editorui.mainmenu.help.debug_info": "Info de débogage",
    "axiom.editorui.window.debug_info": "Info de débogage",
    "axiom.history_description.drained_n": "%s blocs liquides drainés",
    "axiom.editorui.window.fill.do_fill": "Remplir",
    "axiom.editorui.window.create_shape.height": "Hauteur",
    "axiom.editorui.window.shrink_selection.shrink_selection_by": "Réduire la sélection de",
    "axiom.editorui.mainmenu.view.ui_scale": "Taille de l'interface",
    "axiom.history_description.waterlogged_n": "%s blocs remplis d'eau",
    "axiom.editorui.mainmenu.help.reset_tutorial": "Réinitialiser le tutoriel",
    "axiom.keybinds.crosshair_camera": "Réticule",
    "axiom.capability.infinite_reach.title": "Portée infinie",
    "axiom.history_description.fill_nearest": "%s blocs proche remplis",
    "axiom.capability.infinite_reach.description": "Désactive la limite de portée",
    "axiom.tutorial.selection2": "%s sert à remplir la sélection avec des blocs.\n%s permet de remplacer les blocs.\n%s / %s / Supprimer pour copier / couper / supprimer",
    "axiom.editorui.window.keybinds.load_axiom_defaults": "Valeurs par défaut d'Axiom",
    "axiom.editorui.window.style_editor.base_style": "Thème",
    "axiom.editorui.window.style_editor.borders_category": "Bords",
    "axiom.editorui.window.keybinds.load_blender_defaults": "Raccourcis similaires à Blender",
    "axiom.editorui.window.style_editor.border_color": "Bord",
    "axiom.editorui.window.style_editor.button": "Bouton",
    "axiom.editorui.window.style_editor.button_active": "Bouton (Actif)",
    "axiom.editorui.window.style_editor.button_hovered": "Bouton (Surbrillance)",
    "axiom.editorui.window.style_editor.checkmark": "Coche",
    "axiom.editorui.window.style_editor.child_borders": "Bords enfants",
    "axiom.editorui.window.style_editor.child_rounding": "Arrondis enfants",
    "axiom.editorui.window.style_editor.color": "Couleur",
    "axiom.editorui.window.style_editor.copied": "Copié !",
    "axiom.tutorial.continue": "Continuer",
    "axiom.editorui.window.style_editor.custom_theme": "Thème personnalisé",
    "axiom.editorui.window.style_editor.disabled_text": "Texte désactivé",
    "axiom.editorui.window.style_editor.docking_empty_background": "Arrière-plan vide lors de l'attachement",
    "axiom.editorui.window.style_editor.docking_preview": "Prévisualisation de l'attachement",
    "axiom.editorui.window.style_editor.export_to_clipboard": "Exporter dans le presse-papier",
    "axiom.editorui.window.style_editor.drag_drop_target": "Cible du glisser-déposer",
    "axiom.buildertool.clone.finish": "Terminer",
    "axiom.editorui.window.style_editor.frame_category": "Cadre",
    "axiom.editorui.window.style_editor.frame_background": "Arrière-plan du cadre",
    "axiom.editorui.window.style_editor.frame_background_active": "Arrière-plan du cadre (Actif)",
    "axiom.editorui.window.style_editor.frame_background_hovered": "Arrière-plan du cadre (Surbrillance)",
    "axiom.editorui.window.style_editor.frame_borders": "Bords du cadre",
    "axiom.editorui.window.style_editor.frame_rounding": "Arrondissement du cadre",
    "axiom.editorui.window.style_editor.header": "En-tête",
    "axiom.editorui.window.style_editor.header_active": "En-tête (Actif)",
    "axiom.editorui.window.style_editor.header_hovered": "En-tête (Surbrillance)",
    "axiom.editorui.styles.imgui_dark": "ImGui Sombre",
    "axiom.editorui.styles.imgui_light": "ImGui clair",
    "axiom.editorui.window.style_editor.import_from_clipboard": "Importer du presse-papier",
    "axiom.editorui.window.keybinds.load_default": "Charger les valeurs par défaut...",
    "axiom.editorui.window.style_editor.menu_bar_background": "Arrière-plan de la barre de menu",
    "axiom.editorui.window.style_editor.other_category": "Autre",
    "axiom.editorui.window.style_editor.popup_background": "Arrière-plan des fenêtres pop-up",
    "axiom.editorui.window.style_editor.popup_borders": "Bords des fenêtres pop-up",
    "axiom.editorui.window.style_editor.popup_rounding": "Arrondissement des fenêtres pop-up",
    "axiom.editorui.window.style_editor.reset": "Réinitialiser",
    "axiom.editorui.window.style_editor.resize_grip": "Attache de redimensionnement",
    "axiom.editorui.window.style_editor.resize_grip_active": "Attache de redimensionnement (Actif)",
    "axiom.editorui.window.style_editor.resize_grip_hovered": "Attache de redimensionnement (Surbrillance)",
    "axiom.editorui.window.style_editor.revert": "Annuler",
    "axiom.editorui.window.style_editor.rounding_category": "Arrondissement",
    "axiom.editorui.window.style_editor.scrollbar_category": "Barre de défilement",
    "axiom.editorui.window.style_editor.scrollbar_background": "Arrière-plan de la barre de défilement",
    "axiom.editorui.window.style_editor.scrollbar_grab": "Attache de la barre de défilement",
    "axiom.editorui.window.style_editor.scrollbar_grab_active": "Attache de la barre de défilement (Actif)",
    "axiom.editorui.window.style_editor.scrollbar_rounding": "Arrondissement de la barre de défilement",
    "axiom.editorui.window.style_editor.scrollbar_grab_hovered": "Attache de la barre de défilement (Surbrillance)",
    "axiom.editorui.window.style_editor.separator": "Séparateur",
    "axiom.editorui.window.style_editor.separator_active": "Séparateur (Actif)",
    "axiom.editorui.window.style_editor.separator_hovered": "Séparateur (Surbrillance)",
    "axiom.editorui.window.style_editor.sizes": "Dimensions",
    "axiom.editorui.window.style_editor.slider_grab": "Curseur",
    "axiom.editorui.window.style_editor.slider_grab_active": "Curseur (Actif)",
    "axiom.editorui.window.style_editor.slider_grab_rounding": "Arrondissement du curseur",
    "axiom.editorui.window.style_editor": "Éditeur de thème",
    "axiom.editorui.mainmenu.help.style_editor": "Éditeur de thème...",
    "axiom.editorui.window.style_editor.tab": "Onglet",
    "axiom.editorui.window.style_editor.tab_active": "Onglet (Actif)",
    "axiom.editorui.window.style_editor.tab_hovered": "Onglet (Surbrillance)",
    "axiom.editorui.window.style_editor.tab_borders": "Bords de l'onglet",
    "axiom.editorui.window.style_editor.tab_rounding": "Arrondissement de l'onglet",
    "axiom.editorui.window.style_editor.table_border_strong": "Bordure de tableau (Fort)",
    "axiom.editorui.window.style_editor.table_border_light": "Bordure de tableau (Léger)",
    "axiom.editorui.window.style_editor.text": "Texte",
    "axiom.editorui.window.style_editor.text_category": "Texte",
    "axiom.editorui.window.style_editor.theme_name": "Nom du thème",
    "axiom.editorui.window.style_editor.theme_parameters": "Paramètres du thème",
    "axiom.tutorial.selection1": "Ceci est une sélection.\nLes sélections vous permettent d'appliquer des outils et des opérations dans une zone spécifique du monde.\nPour éffacer la sélection, appuyez sur Entrer",
    "axiom.tutorial.box_select_tool1": "Ceci est la sélection de zone.\nCela permet de sélectionner tout les blocs entre deux points.",
    "axiom.tutorial.clentaminator_tool": "Ceci est l'outil de bioaltération.\nIl permet de peindre du terrain et des décorations prédéfinies.\nIl est utile si vous avez besoin de rapidement styliser une zone.",
    "axiom.tutorial.magic_select_tool": "Ceci est l'outil de sélection magique.\nIl permet de sélectionner des blocs adjacents de même type.",
    "axiom.tutorial.sculpt_draw_tool": "Ceci est le sculpteur.\nIl vous permet de sculpter le terrain en tirant des blocs par rapport à la normale de la surface",
    "axiom.tutorial.slope_tool1": "Ceci est l'outil d'inclinaison.\nIl vous permet d'incliner le terrain entre deux points.",
    "axiom.editorui.window.style_editor.title_background": "Arrière-plan du titre",
    "axiom.editorui.window.style_editor.title_background_active": "Arrière-plan du titre (Actif)",
    "axiom.editorui.window.style_editor.title_background_collapsed": "Arrière-plan du titre (Réduit)",
    "axiom.tutorial.box_select_tool2": "Pour utiliser cet outil, définisser un premier point en cliquant, puis tirez la souris vers un autre point et relachez le clic.\nVous pouvez ensuite ajuster avec le Gizmos.\nPour confirmer la sélection, appuyez sur Entrer",
    "axiom.editorui.window.style_editor.unfocused_tab": "Onglet non focalisé",
    "axiom.tutorial.slope_tool2": "Pour utiliser cet outil, cliquez une fois pour définir la position cible. Puis, bougez la souris vers une position différent et cliquez tout en tirant la souris pour dessiner une inclinaison entre deux points",
    "axiom.editorui.window.style_editor.unfocused_tab_active": "Onglet non focalisé (Actif)",
    "axiom.editorui.window.style_editor.widget_category": "Widget",
    "axiom.editorui.window.style_editor.window_category": "Fenêtre",
    "axiom.editorui.window.style_editor.window_background": "Arrière-plan de la fenêtre",
    "axiom.editorui.window.style_editor.window_borders": "Bords de la fenêtre",
    "axiom.editorui.window.style_editor.window_rounding": "Arrondissement de la fenêtre",
    "axiom.editorui.window.clipboard.paste_hint": "%s coller le presse-papier",
    "axiom.toasts.disabled": "'%s' à été desactivé",
    "axiom.toasts.enabled": "'%s' à été activé",
    "axiom.window.autoshade.sun_shading": "Ombrage du soleil",
    "axiom.window.autoshade.sun_yaw": "Lacet du soleil",
    "axiom.tool.shape.superellipse": "Superellipse",
    "axiom.tool.shape.supersphere": "Supersphere",
    "axiom.editorui.window.tool_masks.mask_surface": "Surface",
    "axiom.tool.generic.mask_surface_short": "Surface",
    "axiom.editorui.window.tool_masks.mask_and": "ET",
    "axiom.tool.selection.actions": "Actions",
    "axiom.tool.painter.paint_mode.active_block": "Bloc actif",
    "axiom.tool.stamp.add_blueprint": "Ajouter un Plan",
    "axiom.editorui.window.tool_masks.mask_adjacent": "Adjacent",
    "axiom.keybinds.adjust_radius": "Ajuster la Rayon de l'outil",
    "axiom.window.rotate_placement.algorithm": "Algorithme",
    "axiom.window.autoshade.ambient_occlusion": "Occlusion Ambiante",
    "axiom.tool.heightmap.amount": "Montant",
    "axiom.window.autoshade.ambient_occlusion_shading": "Ombrage de l'occlusion ambiante",
    "axiom.capability.angel_placement.title": "Placement d'Ange",
    "axiom.tool.noise_painter.anisotropic": "Anisotropique",
    "axiom.tool.elevation.apply_mode": "Appliquer",
    "axiom.tool.shape.archimedean_spiral": "Spirale d'Archimède ",
    "axiom.tool.shape.rotation.auto": "Auto",
    "axiom.window.autoshade.palette_type.automatic": "Automatique",
    "axiom.editorui.window.autoshade": "Ombrage-auto",
    "axiom.editorui.window.autoshade.do_autoshade": "Ombrage-auto",
    "axiom.editorui.mainmenu.operations.autoshade": "Ombrage-auto…",
    "axiom.keybind_builder_tools": "Axiom (Outils de construction)",
    "axiom.editorui.window.blueprint_browser.go_back": "Retour",
    "axiom.tool.shape.pivot.base": "Base",
    "axiom.tool.stamp.base_chance": "Chance de base",
    "axiom.tool.gradient_painter.gradient_interpolation_bezier": "Bézier",
    "axiom.tool.path.curve_bezier": "Courbe de Bézier",
    "axiom.editorui.window.tool_masks.mask_biome": "Biome",
    "axiom.tool.generic.brush_shape.bicone": "Bicône",
    "axiom.tool.ruler.display.block_count": "Nombre de Blocs",
    "axiom.tool.stamp.blueprints": "Plans",
    "axiom.editorui.window.clipboard.warning_2": "La rotation d'une construction entraîne une perte d'informations, il peut être difficile de retrouver la construction d'origine.",
    "axiom.contextmenu.flight_direction.camera": "Caméra",
    "axiom.tool.generic.brush_shape.capsule": "Capsule",
    "axiom.editorui.window.tool_masks.mask_can_see_sky": "Peut voir le Ciel",
    "axiom.tool.shape.shape_category": "Catégorie",
    "axiom.tool.path.curve_catenary": "Caténaire",
    "axiom.tool.path.curve_catmull_rom": "Spline de Catmull-Rom",
    "axiom.tool.shape.pivot.center": "Centre",
    "axiom.tool.stamp.chance": "Chance",
    "axiom.tool.gradient_painter.clamp_to_edge": "Fixer au bord",
    "axiom.editorui.window.world_properties.clear_weather": "Effacer",
    "axiom.widget.clear": "Effacer",
    "axiom.editorui.window.history.clear": "Effacer",
    "axiom.tool.selection.clear_selection": "Effacer la Sélection (%s)",
    "axiom.buildertool.scroll_extend": "Cliquer pour Étendre",
    "axiom.tool.painter.paint_mode.clipboard": "Presse-papier",
    "axiom.tool.painter.clipboard_empty_warning": "Le Presse-papier est vide",
    "axiom.generic.close": "Fermer",
    "axiom.editorui.mainmenu.operations.generate.colour_field": "Champ de couleurs",
    "axiom.tool.slope.shape_cone": "Cône",
    "axiom.tool.shape.cone": "Cône",
    "axiom.tool.selection.confirm_selection": "Confirmer (%s)",
    "axiom.tool.elevation.apply_mode.continuous": "Continu",
    "axiom.tool.shape.convex_hull": "Enveloppe convexe",
    "axiom.tool.selection.copy_selection": "Copier (%s)",
    "axiom.contextmenu.create_display_entity": "Créer une Entité d'Affichage",
    "axiom.tool.box_select.box_select.create_marker_region": "Créer un Marqueur de Région",
    "axiom.preset.create_new_preset": "Créer un nouveau préréglage",
    "axiom.tool.clentaminator.crop_type": "Type de culture",
    "axiom.tool.clentaminator.crops": "Cultures",
    "axiom.tool.generic.brush_shape.cuboid": "Cuboïde",
    "axiom.tool.path.easing_cubic": "Cubique",
    "axiom.tool.shape.cuboid": "Cuboïde",
    "axiom.tool.path.curve_category": "Courbe",
    "axiom.window.autoshade.palette_type.custom": "Personnalisé",
    "axiom.tool.elevation.custom_heightmap": "Carte de hauteur personnalisée",
    "axiom.tool.selection.cut_selection": "Couper (%s)",
    "axiom.preset.default": "Défaut",
    "axiom.tool.shape.cylinder": "Cylindre",
    "axiom.tool.stamp.place_deferred": "Différé",
    "axiom.buildertool.erase.delete": "Supprimer",
    "axiom.tool.lasso_select.depth": "Profondeur",
    "axiom.tool.path.deselect_point_n": "Désélectionner le point %s",
    "axiom.mask.angle.angle_tooltip": "Angle souhaité a vérifier. En degrés, 90 = haut, 0 = horizontal, -90 = bas.",
    "axiom.editorui.window.tool_masks.mode_dest": "Seulement la destination",
    "axiom.tool.shape.diameter": "Diamètre",
    "axiom.tool.text.direction": "Direction",
    "axiom.editorui.mainmenu.help.discord_server": "Serveur Discord…",
    "axiom.tool.shape.disk": "Disque",
    "axiom.tool.ruler.display": "Affichage",
    "axiom.tool.ruler.display.distance": "Distance",
    "axiom.window.autoshade.dither": "Bruit",
    "axiom.editorui.mainmenu.help.documentation": "Documentation…",
    "axiom.tool.shape.dodecahedron": "Dodécaèdre",
    "axiom.tool.stamp.extend_foundation_to_ground_tooltip": "Duplique la couche la plus basse vers le bas jusqu'à qu'un bloc soit touché",
    "axiom.tool.elevation.dynamics": "Dynamiques",
    "axiom.tool.path.easing_type_easein": "Entrée Douce",
    "axiom.tool.path.easing_type_easeinout": "Entrée/Sortie Douce",
    "axiom.tool.path.easing_type_easeout": "Sortie Douce",
    "axiom.tool.path.easing": "Atténuation",
    "axiom.tool.path.easing_type": "Type d'Atténuation",
    "axiom.tool.generic.brush_shape.ellipsoid": "Ellipsoïde",
    "axiom.editorui.enter_key": "Entrer",
    "axiom.buildertool.erase": "Effacer",
    "axiom.editorui.window.palette.custom_empty": "Vide (Clique-droit pour ajouter)",
    "axiom.buildertool.erase.erase_box": "Effacer Boîte",
    "axiom.buildertool.erase.erase_connected": "Effacer les Connexions",
    "axiom.editorui.escape_key": "Échap",
    "axiom.tool.shape.supersphere.exponent": "Exposant",
    "axiom.editorui.mainmenu.export_schematic": "Exporter Schematic…",
    "axiom.tool.stamp.extend_foundation_to_ground": "Étendre la Fondation jusqu'au Sol",
    "axiom.tool.heightmap.falloff": "Diminution",
    "axiom.capability.fast_place.title": "Placement Rapide",
    "axiom.editorui.mainmenu.file": "Fichier",
    "axiom.tool.clentaminator.farmland": "Terre labourée",
    "axiom.tool.selection.fill_selection": "Remplir (%s)",
    "axiom.editorui.window.filter_selection.filter": "Filtrer",
    "axiom.editorui.window.filter_selection": "Filtrer la Sélection",
    "axiom.editorui.mainmenu.select.filter": "Filtrer…",
    "axiom.tool.shape.shape_category.flat": "Plat",
    "axiom.tool.elevation.mode_flatten": "Aplanir",
    "axiom.tool.elevation.flatten_down": "Aplanir vers le bas",
    "axiom.tool.elevation.mode_flatten_up": "Aplanir vers le haut",
    "axiom.contextmenu.flight_direction": "Direction du Vol",
    "axiom.contextmenu.flight_momentum": "Momentum du Vol: %s%%",
    "axiom.buildertool.setup_symmetry.flip": "Retourner %s",
    "axiom.tool.floodfill": "Remplir",
    "axiom.history_description.floodfilled": "%s blocs remplis",
    "axiom.tool.text.font": "Police",
    "axiom.window.autoshade.palette_full_cube": "Cube Plein",
    "axiom.editorui.mainmenu.operations.generate": "Générer",
    "axiom.tool.clentaminator.fully_grown": "Poussé Entièrement",
    "axiom.tool.shape.gizmo_space": "Poignée",
    "axiom.tool.shape.gizmo_space.global": "Global",
    "axiom.window.autoshade.global_illumination": "Illumination Globale",
    "axiom.tool.gradient_painter.gradient": "Dégradé",
    "axiom.tool.painter.paint_mode.gradient": "Dégradé",
    "axiom.tool.gradient_painter": "Peinceau à Dégradé",
    "axiom.tool.clentaminator.grass_block": "Herbe",
    "axiom.tool.shape.height": "Hauteur",
    "axiom.tool.generic.brush_height": "Hauteur",
    "axiom.editorui.window.history.history_size": "Taille d'Historique: %s",
    "axiom.contextmenu.flight_direction.horizontal": "Horizontal",
    "axiom.editorui.warning_confirmation": "Je comprends. Ne plus afficher ce message",
    "axiom.tool.shape.icosahedron": "Icosaèdre",
    "axiom.tool.stamp.place_immediate": "Immédiat",
    "axiom.editorui.mainmenu.file.import_schematic": "Importer une Schematic…",
    "axiom.tool.lasso_select.include_non_solid": "Inclure Non-Solide",
    "axiom.contextmenu.infinite_reach_limit": "Limite de la Portée Infinie: %s blocs",
    "axiom.contextmenu.infinite_reach_limit_none": "Limite de la portée Infinie: ∞",
    "axiom.tool.painter.inner_radius": "Rayon Interne",
    "axiom.tool.box_select.input_mode": "Entrée",
    "axiom.tool.gradient_painter.gradient_interpolation": "Interpolation",
    "axiom.tool.path.inverted": "Inversé",
    "axiom.tool.shape.rotation.keep": "Garder",
    "axiom.tool.lasso_select": "Séléction Lasso",
    "axiom.tool.path.curve_bresenham": "Ligne (Bresenham)",
    "axiom.tool.path.curve_dda": "Ligne (DDA)",
    "axiom.tool.gradient_painter.gradient_interpolation_linear": "Linéaire",
    "axiom.tool.path.easing_linear": "Linéaire",
    "axiom.contextmenu.liquid_opacity": "Opactité des Liquides: %s%%",
    "axiom.tool.elevation.load_heightmap": "Charger une Carte de Hauteur",
    "axiom.tool.shape.gizmo_space.local": "Local",
    "axiom.tool.gradient_painter.locking": "Verrouillage",
    "axiom.tool.path.looped": "Bouclé",
    "axiom.tool.shape.archimedean_spiral.loops": "Boucles",
    "axiom.tool.elevation.mode_lower": "Descendre",
    "axiom.tool.painter.merge_strokes": "Fusionner les Traits",
    "axiom.tool.shape.metaball": "Métaball",
    "axiom.contextmenu.min_brightness": "Luminosité Min: %s%%",
    "axiom.tool.stamp.min_spacing": "Espacement Min",
    "axiom.editorui.window.tool_masks.mode": "Mode",
    "axiom.tool.elevation.mode": "Mode",
    "axiom.tool.painter.paint_mode": "Mode",
    "axiom.tool.noise_painter.block_mode": "Mode",
    "axiom.tool.shape.shape_category.modelling": "Modélisation",
    "axiom.history_description.modified": "%s blocs modifiés",
    "axiom.tool.shape.modifiers": "Modificateurs",
    "axiom.tool.clentaminator.moist_farmland": "Humide",
    "axiom.buildertool.setup_symmetry.move_symmetry": "Déplacer la Symétrie",
    "axiom.capability.no_clip.description": "Traverser des blocs en volant",
    "axiom.preset.name": "Nom",
    "axiom.tool.gradient_painter.gradient_interpolation_nearest": "Le plus proche",
    "axiom.window.rotate_placement.nearest_neighbor": "Le voisin le plus proche (Rapide)",
    "axiom.capability.no_clip.title": "Traverser",
    "axiom.window.autoshade.palette_no_glazed_terracotta": "Pas de Terre cuite Émaillée",
    "axiom.window.autoshade.palette_no_ores": "Pas de Minerais",
    "axiom.window.autoshade.palette_no_tile_entities": "Pas d'Entités Carrelées",
    "axiom.editorui.window.clipboard.warning_title": "Avertissement de la Non-Rotation à 90 Degrés",
    "axiom.window.rotate_placement.lossy_rotation_warning": "Les rotations autres que celles à 90 degrés entraînent des pertes",
    "axiom.window.rotate_placement.lossy_scaling_warning": "La mise à l'échelle non entière entraîne des pertes",
    "axiom.tool.gradient_painter.lock_none": "Aucun",
    "axiom.keybind.nudge_with_scroll": "Bouger (avec Défilement souris)",
    "axiom.keybind.nudge_backwards": "Bouger en arrière",
    "axiom.keybind.nudge_forwards": "Bouger en avant",
    "axiom.editorui.window.tool_masks.mask_offset": "DÉCALAGE",
    "axiom.editorui.window.tool_masks.mask_or": "OU",
    "axiom.tool.stamp.offset": "Décalage",
    "axiom.tool.shape.offset_when_placing": "Décaler au placement",
    "axiom.tool.elevation.apply_mode.once": "Une seule fois",
    "axiom.window.autoshade.palette_opaque": "Opaque",
    "axiom.editorui.window.blueprint_browser.open_folder": "Ouvrir Dossier",
    "axiom.tool.shape.torus.outer": "Extérieur",
    "axiom.widget.options": "Options",
    "axiom.tool.path.override_block": "Outrepasser le bloc",
    "axiom.tool.path.override_radius": "Outrepasser le Rayon",
    "axiom.editorui.window.replace.copy_properties": "Copier les Propiétés",
    "axiom.widget.ctrl_click_hint": "Ctrl+Clique pour changer la valeur",
    "axiom.preset.delete": "Supprimer '%s'",
    "axiom.window.autoshade.palette_options": "Options de Palette",
    "axiom.tool.shape.paste_options": "Coller",
    "axiom.tool.stamp.paste_options": "Coller",
    "axiom.tool.path": "Chemin",
    "axiom.editorui.window.world_properties.pause_weather": "Arrêter la Météo",
    "axiom.tool.shape.pivot": "Pivot",
    "axiom.tool.stamp.place": "Placer",
    "axiom.buildertool.setup_symmetry.place_symmetry": "Placer Symétrie",
    "axiom.capability.angel_placement.description": "Placer les blocs dans les airs",
    "axiom.capability.fast_place.description": "Place des blocs très rapidement de manière contrôlée",
    "axiom.tool.gradient_painter.gradient_shape_plane": "Plan",
    "axiom.tool.shape.placement_options": "Placement",
    "axiom.tool.slope.shape_plane": "Plan",
    "axiom.tool.shape.plane": "Plan",
    "axiom.tool.box_select.pos1": "Pos1",
    "axiom.tool.gradient_painter.lock_pos1": "Pos1",
    "axiom.tool.box_select.input_mode.pos1_and_pos2": "Pos1 & Pos2",
    "axiom.tool.gradient_painter.lock_both": "Pos1 et Pos2",
    "axiom.tool.box_select.pos2": "Pos2",
    "axiom.tool.box_select.input_mode.position_and_size": "Position & Taille",
    "axiom.widget.presets": "Préréglages",
    "axiom.tool.shape.pyramid": "Pyramid",
    "axiom.tool.path.easing_quadratic": "Quadratique",
    "axiom.tool.path.easing_quartic": "Quartique",
    "axiom.tool.path.radius": "Rayon",
    "axiom.mask.near.radius": "Rayon",
    "axiom.editorui.window.world_properties.rain_weather": "Pluie",
    "axiom.tool.elevation.mode_raise": "Augmenter",
    "axiom.tool.elevation.raise_and_lower": "Augmenter & Baisser",
    "axiom.tool.stamp.random_xz_flip": "Retournement aléatoire sur les axes X/Z",
    "axiom.tool.stamp.random_yaw": "Lacet Aléatoire",
    "axiom.tool.shape.metaball_range": "Amplitude",
    "axiom.mask.angle.range": "Amplitude",
    "axiom.tool.text.rasterization": "Rastérisation",
    "axiom.tool.heightmap.rate": "Cadence",
    "axiom.tool.shape.regular_polygon": "Polygone régulier",
    "axiom.tool.path.remove": "Supprimer",
    "axiom.tool.selection.replace_selection": "Remplacer (%s)",
    "axiom.tool.shape.rotation.reset": "Réinitialiser",
    "axiom.tool.shape.reset_rotation": "Réinitialiser la Rotation",
    "axiom.widget.block_list.right_click_to_edit_properties": "Clique-droit pour éditer les propriétés",
    "axiom.tool.shape.torus.ring": "Anneau",
    "axiom.window.rotate_placement.rotsprite": "RotSprite (Qualité)",
    "axiom.window.rotate_placement.do_rotate": "Tourner",
    "axiom.buildertool.setup_symmetry.rotate": "Rotation %s",
    "axiom.window.rotate_placement.do_rotate_and_scale": "Tourner / Mettre à l'échelle",
    "axiom.editorui.window.rotate_placement": "Rotation/Échelle",
    "axiom.editorui.window.clipboard.placement_options.rotate_scale": "Rotation/Échelle...",
    "axiom.editorui.window.clipboard.warning_1": "La rotation selon des angles autres que 90 degrés est une opération causant des PERTES.",
    "axiom.tool.shape.rotation": "Rotation",
    "axiom.window.rotate_placement.rotation": "Rotation",
    "axiom.tool.shape.cone.rounding": "Arrondissement",
    "axiom.window.autoshade.palette_same_texture": "Même Texture",
    "axiom.preset.save": "Sauvegarder",
    "axiom.window.rotate_placement.scale": "Mettre à l'Échelle",
    "axiom.window.rotate_placement.do_scale": "Mettre à l'Échelle",
    "axiom.window.rotate_placement.scale2x": "Agrandir2x (Qualité)",
    "axiom.window.rotate_placement.scale3x": "Agrandir3x (Quality)",
    "axiom.buildertool.scroll_nudge": "Défiler pour Pousser",
    "axiom.tool.ruler.select_center": "Séléctionner le Centre",
    "axiom.tool.text.select_font": "Séléctionner une Police",
    "axiom.tool.shape.separate_hv": "Séparer HV",
    "axiom.tool.shape.separate_xz": "Séparer XZ",
    "axiom.buildertool.setup_symmetry": "Configurer la Symétrie",
    "axiom.tool.gradient_painter.gradient_shape": "Forme",
    "axiom.tool.slope.shape": "Forme",
    "axiom.tool.shape": "Forme",
    "axiom.editorui.mainmenu.window.show_close_window_button": "Afficher le Bouton pour Fermer les Fenêtres",
    "axiom.contextmenu.show_display_entity_gizmos": "Afficher les Poignées de Display Entity",
    "axiom.contextmenu.show_key_hints": "Afficher les Frappes de Touches",
    "axiom.contextmenu.show_marker_entity_gizmos": "Afficher la Poignée des Marqueurs d'Entité",
    "axiom.tool.shape.regular_polygon.sides": "Côtés",
    "axiom.editorui.skip_update": "Passer",
    "axiom.tool.path.slack": "Relâchement",
    "axiom.tool.shape.smart_surface": "Surface Intelligente",
    "axiom.editorui.mainmenu.operations.smoothsnow": "Neige lisse",
    "axiom.tool.heightmap.smoothing": "Adoucissement",
    "axiom.tool.painter.soft_edge": "Bord Doux",
    "axiom.tool.shape.shape_category.solid": "Solide",
    "axiom.window.autoshade.palette_solid": "Solide",
    "axiom.editorui.window.tool_masks.mode_source": "Source Uniquement",
    "axiom.editorui.window.tool_masks.mode_source_and_dest": "Source et Destination",
    "axiom.editorui.speed": "Vitesse",
    "axiom.tool.gradient_painter.gradient_shape_sphere": "Sphère",
    "axiom.tool.noise_painter.splatter_noise": "Éclaboussures",
    "axiom.tool.stamp": "Tampon",
    "axiom.window.autoshade.sun": "Soleil",
    "axiom.window.autoshade.sun_pitch": "Inclinaison du Soleil",
    "axiom.tool.clentaminator.tall_grass_block": "Herbe Haute",
    "axiom.editorui.teleport": "Téléporter...",
    "axiom.mask.angle.range_tooltip": "La fourchette d'angles autorisés, plus élevé signifie que des angles plus importants sont autorisés",
    "axiom.tool.shape.tube.thickness": "Épaisseur",
    "axiom.tutorial.clipboard": "Ceci est votre presse-papiers. Si vous avez une sélection, vous pouvez copier des blocs ici en utilisant Ctrl+C. Vous pouvez ensuite utiliser Ctrl+V pour initier un placement.",
    "axiom.editorui.window.world_properties.thunder_weather": "Foudre",
    "axiom.tool.shape.extrude_tip": "Astuce: Appuyer sur E pour extruder le point",
    "axiom.keybind.toggle_fast_place_cap": "Placement rapide",
    "axiom.keybind.toggle_angel_placement_cap": "Placer dans les airs",
    "axiom.keybind.toggle_infinite_reach_cap": "Portée Infinie",
    "axiom.keybind.toggle_no_clip_cap": "Traverser les Blocs",
    "axiom.tool.shape.torus": "Torus",
    "axiom.tool.shape.triangle_fan": "Ventilateur Triangulaire",
    "axiom.tool.path.curve_type": "Type",
    "axiom.tool.shape.triangle_strip": "Bande Triangulaire",
    "axiom.tool.shape.tube": "Tube",
    "axiom.window.autoshade.palette_type": "Type",
    "axiom.contextmenu.type_replace": "Remplacer le Type",
    "axiom.editorui.mainmenu.operations.type_replace": "Remplacer le Type...",
    "axiom.editorui.window.type_replace": "Remplacer le Type",
    "axiom.editorui.window.palette.unknown_custom_block": "Bloc Personnalisé Inconnu",
    "axiom.editorui.window.clipboard.unlock_rotation": "Déverrouiller la Rotation",
    "axiom.editorui.update": "Mettre à Jour",
    "axiom.tool.text.use_builtin_font": "Utiliser les Polices incluses",
    "axiom.tool.text.use_full_blocks": "Utiliser les Blocs Entiers",
    "axiom.editorui.window.world_properties.weather": "Météo",
    "axiom.tool.path.width": "Largeur",
    "axiom.tool.shape.smart_surface.visualize_mesh": "Visualiser le Maillage",
    "axiom.window.autoshade.use_player_position": "Utiliser la Position du Joueur",
    "axiom.tool.heightmap.y_limit": "Limite Y",
    "axiom.tool.shape.width": "Largeur"
}
