{
	"credit": "Made with Blockbench",
	"textures": {
		"0": "vinery:item/apple_cider",
		"particle": "vinery:item/apple_cider"
	},
	"elements": [
		{
			"from": [5.5, 0, 5.5],
			"to": [10.5, 1, 6.5],
			"rotation": {"angle": 0, "axis": "y", "origin": [4.5, 0, 5.5]},
			"faces": {
				"north": {"uv": [6, 14, 11, 15], "texture": "#0"},
				"east": {"uv": [6, 14, 7, 15], "texture": "#0"},
				"south": {"uv": [0, 0, 5, 1], "texture": "#missing"},
				"west": {"uv": [10, 14, 11, 15], "texture": "#0"},
				"up": {"uv": [0, 0, 5, 1], "texture": "#missing"},
				"down": {"uv": [11, 14, 6, 15], "texture": "#0"}
			}
		},
		{
			"from": [9.5, 0, 6.5],
			"to": [10.5, 1, 9.5],
			"rotation": {"angle": 0, "axis": "y", "origin": [4.5, 0, 6.5]},
			"faces": {
				"north": {"uv": [6, 14, 11, 15], "texture": "#0"},
				"east": {"uv": [7, 14, 10, 15], "texture": "#0"},
				"south": {"uv": [0, 0, 5, 1], "texture": "#missing"},
				"west": {"uv": [10, 14, 11, 15], "texture": "#0"},
				"up": {"uv": [0, 0, 5, 1], "texture": "#missing"},
				"down": {"uv": [7, 14, 10, 15], "rotation": 90, "texture": "#0"}
			}
		},
		{
			"from": [6.5, 0, 6.5],
			"to": [9.5, 1, 9.5],
			"rotation": {"angle": 0, "axis": "y", "origin": [3.5, 0, 6.5]},
			"faces": {
				"north": {"uv": [6, 14, 11, 15], "texture": "#0"},
				"east": {"uv": [7, 14, 10, 15], "texture": "#0"},
				"south": {"uv": [0, 0, 5, 1], "texture": "#missing"},
				"west": {"uv": [10, 14, 11, 15], "texture": "#0"},
				"up": {"uv": [0, 0, 5, 1], "texture": "#missing"},
				"down": {"uv": [9, 13, 10, 14], "rotation": 90, "texture": "#0"}
			}
		},
		{
			"from": [4.5, 1, 4.5],
			"to": [11.5, 7, 5.5],
			"rotation": {"angle": 0, "axis": "y", "origin": [4.5, 1, 4.5]},
			"faces": {
				"north": {"uv": [5, 8, 12, 14], "texture": "#0"},
				"east": {"uv": [5, 8, 6, 14], "texture": "#0"},
				"south": {"uv": [0, 0, 5, 1], "texture": "#missing"},
				"west": {"uv": [11, 8, 12, 14], "texture": "#0"},
				"up": {"uv": [12, 8, 5, 9], "texture": "#0"},
				"down": {"uv": [12, 13, 5, 14], "texture": "#0"}
			}
		},
		{
			"from": [5.5, 7, 5.5],
			"to": [10.5, 8, 6.5],
			"rotation": {"angle": 0, "axis": "y", "origin": [4.5, 2, 5.5]},
			"faces": {
				"north": {"uv": [6, 7, 11, 8], "texture": "#0"},
				"east": {"uv": [6, 7, 7, 8], "texture": "#0"},
				"south": {"uv": [0, 0, 5, 1], "texture": "#missing"},
				"west": {"uv": [12, 7, 11, 8], "texture": "#0"},
				"up": {"uv": [11, 7, 6, 8], "texture": "#0"},
				"down": {"uv": [0, 0, 5, 1], "texture": "#missing"}
			}
		},
		{
			"from": [6.5, 8, 6.5],
			"to": [9.5, 14, 7.5],
			"rotation": {"angle": 0, "axis": "y", "origin": [4.5, 3, 6.5]},
			"faces": {
				"north": {"uv": [7, 1, 10, 7], "texture": "#0"},
				"east": {"uv": [8, 1, 7, 7], "texture": "#0"},
				"south": {"uv": [0, 0, 5, 1], "texture": "#missing"},
				"west": {"uv": [10, 1, 9, 7], "texture": "#0"},
				"up": {"uv": [10, 1, 7, 2], "texture": "#0"},
				"down": {"uv": [0, 0, 5, 1], "texture": "#missing"}
			}
		},
		{
			"from": [10.5, 1, 5.5],
			"to": [11.5, 7, 10.5],
			"rotation": {"angle": 0, "axis": "y", "origin": [11.5, 1, 4.5]},
			"faces": {
				"north": {"uv": [4, 8, 5, 14], "texture": "#0"},
				"east": {"uv": [11, 8, 6, 14], "texture": "#0"},
				"south": {"uv": [0, 0, 1, 1], "texture": "#missing"},
				"west": {"uv": [0, 0, 5, 1], "texture": "#missing"},
				"up": {"uv": [6, 9, 11, 8], "rotation": 90, "texture": "#0"},
				"down": {"uv": [11, 14, 6, 13], "rotation": 90, "texture": "#0"}
			}
		},
		{
			"from": [9.5, 7, 6.5],
			"to": [10.5, 8, 9.5],
			"rotation": {"angle": 0, "axis": "y", "origin": [10.5, 2, 4.5]},
			"faces": {
				"north": {"uv": [0, 0, 1, 1], "texture": "#missing"},
				"east": {"uv": [10, 7, 7, 8], "texture": "#0"},
				"south": {"uv": [0, 0, 1, 1], "texture": "#missing"},
				"west": {"uv": [0, 0, 5, 1], "texture": "#missing"},
				"up": {"uv": [7, 8, 10, 7], "rotation": 90, "texture": "#0"},
				"down": {"uv": [0, 0, 5, 1], "rotation": 270, "texture": "#missing"}
			}
		},
		{
			"from": [5.5, 7, 6.5],
			"to": [6.5, 8, 9.5],
			"rotation": {"angle": 0, "axis": "y", "origin": [5.5, 2, 11.5]},
			"faces": {
				"north": {"uv": [0, 0, 1, 1], "texture": "#missing"},
				"east": {"uv": [0, 0, 5, 1], "texture": "#missing"},
				"south": {"uv": [0, 0, 1, 1], "texture": "#missing"},
				"west": {"uv": [10, 7, 7, 8], "texture": "#0"},
				"up": {"uv": [10, 7, 7, 8], "rotation": 90, "texture": "#0"},
				"down": {"uv": [5, 1, 0, 0], "rotation": 270, "texture": "#missing"}
			}
		},
		{
			"from": [5.5, 7, 9.5],
			"to": [10.5, 8, 10.5],
			"rotation": {"angle": 0, "axis": "y", "origin": [11.5, 2, 10.5]},
			"faces": {
				"north": {"uv": [0, 0, 5, 1], "texture": "#missing"},
				"east": {"uv": [12, 7, 11, 8], "texture": "#0"},
				"south": {"uv": [6, 7, 11, 8], "texture": "#0"},
				"west": {"uv": [6, 7, 7, 8], "texture": "#0"},
				"up": {"uv": [6, 8, 11, 7], "texture": "#0"},
				"down": {"uv": [5, 1, 0, 0], "texture": "#missing"}
			}
		},
		{
			"from": [4.5, 1, 5.5],
			"to": [5.5, 7, 10.5],
			"rotation": {"angle": 0, "axis": "y", "origin": [4.5, 1, 11.5]},
			"faces": {
				"north": {"uv": [0, 0, 1, 1], "texture": "#missing"},
				"east": {"uv": [0, 0, 5, 1], "texture": "#missing"},
				"south": {"uv": [4, 8, 5, 14], "texture": "#0"},
				"west": {"uv": [11, 8, 6, 14], "texture": "#0"},
				"up": {"uv": [11, 8, 6, 9], "rotation": 90, "texture": "#0"},
				"down": {"uv": [6, 13, 11, 14], "rotation": 90, "texture": "#0"}
			}
		},
		{
			"from": [4.5, 1, 10.5],
			"to": [11.5, 7, 11.5],
			"rotation": {"angle": 0, "axis": "y", "origin": [11.5, 1, 11.5]},
			"faces": {
				"north": {"uv": [0, 0, 5, 1], "texture": "#missing"},
				"east": {"uv": [11, 8, 12, 14], "texture": "#0"},
				"south": {"uv": [5, 8, 12, 14], "texture": "#0"},
				"west": {"uv": [5, 8, 6, 14], "texture": "#0"},
				"up": {"uv": [5, 9, 12, 8], "texture": "#0"},
				"down": {"uv": [5, 14, 12, 13], "texture": "#0"}
			}
		},
		{
			"from": [5.5, 0, 6.5],
			"to": [6.5, 1, 9.5],
			"rotation": {"angle": 0, "axis": "y", "origin": [11.5, 0, 9.5]},
			"faces": {
				"north": {"uv": [0, 0, 5, 1], "texture": "#missing"},
				"east": {"uv": [10, 14, 11, 15], "texture": "#0"},
				"south": {"uv": [6, 14, 11, 15], "texture": "#0"},
				"west": {"uv": [7, 14, 10, 15], "texture": "#0"},
				"up": {"uv": [5, 1, 0, 0], "texture": "#missing"},
				"down": {"uv": [10, 15, 7, 14], "rotation": 90, "texture": "#0"}
			}
		},
		{
			"from": [5.5, 0, 9.5],
			"to": [10.5, 1, 10.5],
			"rotation": {"angle": 0, "axis": "y", "origin": [11.5, 0, 10.5]},
			"faces": {
				"north": {"uv": [0, 0, 5, 1], "texture": "#missing"},
				"east": {"uv": [10, 14, 11, 15], "texture": "#0"},
				"south": {"uv": [6, 14, 11, 15], "texture": "#0"},
				"west": {"uv": [6, 14, 7, 15], "texture": "#0"},
				"up": {"uv": [5, 1, 0, 0], "texture": "#missing"},
				"down": {"uv": [6, 15, 11, 14], "texture": "#0"}
			}
		},
		{
			"from": [8.5, 8, 7.5],
			"to": [9.5, 14, 8.5],
			"rotation": {"angle": 0, "axis": "y", "origin": [9.5, 3, 4.5]},
			"faces": {
				"north": {"uv": [0, 0, 1, 1], "texture": "#missing"},
				"east": {"uv": [9, 1, 8, 7], "texture": "#0"},
				"south": {"uv": [0, 0, 1, 1], "texture": "#missing"},
				"west": {"uv": [0, 0, 5, 1], "texture": "#missing"},
				"up": {"uv": [9, 1, 8, 2], "texture": "#0"},
				"down": {"uv": [0, 0, 5, 1], "rotation": 270, "texture": "#missing"}
			}
		},
		{
			"from": [6.5, 8, 7.5],
			"to": [8.5, 14, 8.5],
			"rotation": {"angle": 0, "axis": "y", "origin": [6.5, 3, 4.5]},
			"faces": {
				"north": {"uv": [1, 0, 0, 1], "texture": "#missing"},
				"east": {"uv": [5, 0, 0, 1], "texture": "#missing"},
				"south": {"uv": [1, 0, 0, 1], "texture": "#missing"},
				"west": {"uv": [9, 1, 8, 7], "texture": "#0"},
				"up": {"uv": [9, 1, 8, 2], "texture": "#0"},
				"down": {"uv": [0, 1, 5, 0], "rotation": 270, "texture": "#missing"}
			}
		},
		{
			"from": [6.5, 8, 8.5],
			"to": [9.5, 14, 9.5],
			"rotation": {"angle": 0, "axis": "y", "origin": [4.5, 3, 9.5]},
			"faces": {
				"north": {"uv": [5, 0, 0, 1], "texture": "#missing"},
				"east": {"uv": [10, 1, 9, 7], "texture": "#0"},
				"south": {"uv": [7, 1, 10, 7], "texture": "#0"},
				"west": {"uv": [8, 1, 7, 7], "texture": "#0"},
				"up": {"uv": [7, 1, 10, 2], "texture": "#0"},
				"down": {"uv": [0, 1, 5, 0], "texture": "#missing"}
			}
		},
		{
			"from": [9.15, 11, 8.65],
			"to": [10.15, 12, 8.65],
			"rotation": {"angle": -45, "axis": "y", "origin": [10.15, 11, 8.65]},
			"faces": {
				"north": {"uv": [7, 3, 6, 4], "texture": "#0"},
				"east": {"uv": [7, 1, 8, 7], "texture": "#0"},
				"south": {"uv": [7, 3, 6, 4], "texture": "#0"},
				"west": {"uv": [9, 1, 10, 7], "texture": "#0"},
				"up": {"uv": [10, 1, 7, 2], "texture": "#0"},
				"down": {"uv": [5, 1, 0, 0], "texture": "#missing"}
			}
		},
		{
			"from": [10.15, 10, 8.65],
			"to": [11.15, 11, 8.65],
			"rotation": {"angle": -45, "axis": "y", "origin": [10.15, 11, 8.65]},
			"faces": {
				"north": {"uv": [6, 4, 5, 5], "texture": "#0"},
				"east": {"uv": [7, 1, 8, 7], "texture": "#0"},
				"south": {"uv": [6, 4, 5, 5], "texture": "#0"},
				"west": {"uv": [9, 1, 10, 7], "texture": "#0"},
				"up": {"uv": [10, 1, 7, 2], "texture": "#0"},
				"down": {"uv": [5, 1, 0, 0], "texture": "#missing"}
			}
		},
		{
			"from": [9.15, 11, 7.35],
			"to": [10.15, 12, 7.35],
			"rotation": {"angle": 45, "axis": "y", "origin": [10.15, 11, 7.35]},
			"faces": {
				"north": {"uv": [6, 3, 7, 4], "texture": "#0"},
				"east": {"uv": [8, 1, 7, 7], "texture": "#0"},
				"south": {"uv": [6, 3, 7, 4], "texture": "#0"},
				"west": {"uv": [10, 1, 9, 7], "texture": "#0"},
				"up": {"uv": [10, 2, 7, 1], "texture": "#0"},
				"down": {"uv": [5, 0, 0, 1], "texture": "#missing"}
			}
		},
		{
			"from": [10.15, 10, 7.35],
			"to": [11.15, 11, 7.35],
			"rotation": {"angle": 45, "axis": "y", "origin": [10.15, 11, 7.35]},
			"faces": {
				"north": {"uv": [5, 4, 6, 5], "texture": "#0"},
				"east": {"uv": [8, 1, 7, 7], "texture": "#0"},
				"south": {"uv": [5, 4, 6, 5], "texture": "#0"},
				"west": {"uv": [10, 1, 9, 7], "texture": "#0"},
				"up": {"uv": [10, 2, 7, 1], "texture": "#0"},
				"down": {"uv": [5, 0, 0, 1], "texture": "#missing"}
			}
		}
	]
}