{
	"credit": "Made with Blockbench",
	"textures": {
		"0": "vinery:item/apple_wine",
		"particle": "vinery:item/apple_wine"
	},
	"elements": [
		{
			"from": [5.5, 0, 5.5],
			"to": [10.5, 1, 6.5],
			"rotation": {"angle": 0, "axis": "y", "origin": [8.5, 0, 5.5]},
			"faces": {
				"north": {"uv": [5, 14, 10, 15], "texture": "#0"},
				"east": {"uv": [5, 14, 6, 15], "texture": "#0"},
				"south": {"uv": [0, 0, 2, 1], "texture": "#missing"},
				"west": {"uv": [9, 14, 10, 15], "texture": "#0"},
				"up": {"uv": [0, 0, 2, 1], "texture": "#missing"},
				"down": {"uv": [10, 14, 5, 15], "texture": "#0"}
			}
		},
		{
			"from": [4.5, 1, 4.5],
			"to": [11.5, 7, 5.5],
			"rotation": {"angle": 0, "axis": "y", "origin": [8.5, 1, 4.5]},
			"faces": {
				"north": {"uv": [4, 8, 11, 14], "texture": "#0"},
				"east": {"uv": [4, 8, 5, 14], "texture": "#0"},
				"south": {"uv": [0, 0, 2, 1], "texture": "#missing"},
				"west": {"uv": [10, 8, 11, 14], "texture": "#0"},
				"up": {"uv": [11, 8, 4, 9], "texture": "#0"},
				"down": {"uv": [11, 13, 4, 14], "texture": "#0"}
			}
		},
		{
			"from": [5.5, 7, 5.5],
			"to": [10.5, 9, 6.5],
			"rotation": {"angle": 0, "axis": "y", "origin": [8.5, 3, 5.5]},
			"faces": {
				"north": {"uv": [5, 6, 10, 8], "texture": "#0"},
				"east": {"uv": [5, 6, 6, 8], "texture": "#0"},
				"south": {"uv": [0, 0, 2, 1], "texture": "#missing"},
				"west": {"uv": [9, 6, 10, 8], "texture": "#0"},
				"up": {"uv": [10, 6, 5, 7], "texture": "#0"},
				"down": {"uv": [0, 0, 2, 1], "texture": "#missing"}
			}
		},
		{
			"from": [7.5, 9, 6.5],
			"to": [8.5, 11, 7.5],
			"rotation": {"angle": 0, "axis": "y", "origin": [8.5, 5, 6.5]},
			"faces": {
				"north": {"uv": [8, 6, 7, 4], "texture": "#0"},
				"east": {"uv": [0, 0, 1, 1], "texture": "#missing"},
				"south": {"uv": [0, 0, 2, 1], "texture": "#missing"},
				"west": {"uv": [0, 0, 1, 1], "texture": "#missing"},
				"up": {"uv": [0, 0, 2, 1], "texture": "#missing"},
				"down": {"uv": [0, 0, 2, 1], "texture": "#missing"}
			}
		},
		{
			"from": [8.5, 9, 6.5],
			"to": [9.5, 11, 7.5],
			"rotation": {"angle": 0, "axis": "y", "origin": [9.5, 5, 6.5]},
			"faces": {
				"north": {"uv": [7, 7, 5, 6], "rotation": 90, "texture": "#0"},
				"east": {"uv": [7, 6, 5, 7], "rotation": 90, "texture": "#0"},
				"south": {"uv": [0, 0, 2, 1], "texture": "#missing"},
				"west": {"uv": [0, 0, 1, 1], "texture": "#missing"},
				"up": {"uv": [0, 0, 2, 1], "texture": "#missing"},
				"down": {"uv": [0, 0, 2, 1], "texture": "#missing"}
			}
		},
		{
			"from": [6.5, 9, 6.5],
			"to": [7.5, 11, 7.5],
			"rotation": {"angle": 0, "axis": "y", "origin": [7.5, 5, 6.5]},
			"faces": {
				"north": {"uv": [6, 6, 8, 5], "rotation": 90, "texture": "#0"},
				"east": {"uv": [0, 0, 1, 1], "texture": "#missing"},
				"south": {"uv": [0, 0, 2, 1], "texture": "#missing"},
				"west": {"uv": [6, 6, 8, 5], "rotation": 90, "texture": "#0"},
				"up": {"uv": [0, 0, 2, 1], "texture": "#missing"},
				"down": {"uv": [0, 0, 2, 1], "texture": "#missing"}
			}
		},
		{
			"from": [6.5, 11, 5.5],
			"to": [9.5, 13, 6.5],
			"rotation": {"angle": 0, "axis": "y", "origin": [8.5, 7, 5.5]},
			"faces": {
				"north": {"uv": [6, 2, 9, 4], "texture": "#0"},
				"east": {"uv": [6, 1, 7, 2], "texture": "#0"},
				"south": {"uv": [0, 0, 2, 1], "texture": "#missing"},
				"west": {"uv": [8, 1, 9, 2], "texture": "#0"},
				"up": {"uv": [6, 2, 7, 3], "texture": "#0"},
				"down": {"uv": [9, 3, 6, 4], "texture": "#0"}
			}
		},
		{
			"from": [6.5, 13, 6.5],
			"to": [9.5, 14, 7.5],
			"rotation": {"angle": 0, "axis": "y", "origin": [8.5, 7, 6.5]},
			"faces": {
				"north": {"uv": [6, 1, 9, 2], "texture": "#0"},
				"east": {"uv": [6, 1, 7, 2], "texture": "#0"},
				"south": {"uv": [0, 0, 2, 1], "texture": "#missing"},
				"west": {"uv": [8, 1, 9, 2], "texture": "#0"},
				"up": {"uv": [9, 1, 6, 2], "texture": "#0"},
				"down": {"uv": [9, 3, 6, 4], "texture": "#0"}
			}
		},
		{
			"from": [9.5, 11, 5.5],
			"to": [10.5, 13, 6.5],
			"rotation": {"angle": 0, "axis": "y", "origin": [9.5, 7, 5.5]},
			"faces": {
				"north": {"uv": [7, 4, 8, 6], "texture": "#0"},
				"east": {"uv": [7, 4, 8, 6], "texture": "#0"},
				"south": {"uv": [0, 0, 2, 1], "texture": "#missing"},
				"west": {"uv": [0, 0, 1, 1], "texture": "#missing"},
				"up": {"uv": [7, 4, 8, 5], "texture": "#0"},
				"down": {"uv": [5, 2, 6, 3], "texture": "#0"}
			}
		},
		{
			"from": [5.5, 11, 5.5],
			"to": [6.5, 13, 6.5],
			"rotation": {"angle": 0, "axis": "y", "origin": [5.5, 7, 5.5]},
			"faces": {
				"north": {"uv": [5, 2, 6, 4], "texture": "#0"},
				"east": {"uv": [0, 0, 1, 1], "texture": "#missing"},
				"south": {"uv": [0, 0, 2, 1], "texture": "#missing"},
				"west": {"uv": [5, 2, 6, 4], "texture": "#0"},
				"up": {"uv": [5, 2, 6, 3], "texture": "#0"},
				"down": {"uv": [5, 3, 6, 4], "texture": "#0"}
			}
		},
		{
			"from": [5.5, 0, 9.5],
			"to": [10.5, 1, 10.5],
			"rotation": {"angle": 0, "axis": "y", "origin": [7.5, 0, 10.5]},
			"faces": {
				"north": {"uv": [0, 0, 2, 1], "texture": "#missing"},
				"east": {"uv": [9, 14, 10, 15], "texture": "#0"},
				"south": {"uv": [5, 14, 10, 15], "texture": "#0"},
				"west": {"uv": [5, 14, 6, 15], "texture": "#0"},
				"up": {"uv": [2, 1, 0, 0], "texture": "#missing"},
				"down": {"uv": [5, 15, 10, 14], "texture": "#0"}
			}
		},
		{
			"from": [4.5, 1, 10.5],
			"to": [11.5, 7, 11.5],
			"rotation": {"angle": 0, "axis": "y", "origin": [7.5, 1, 11.5]},
			"faces": {
				"north": {"uv": [0, 0, 2, 1], "texture": "#missing"},
				"east": {"uv": [10, 8, 11, 14], "texture": "#0"},
				"south": {"uv": [4, 8, 11, 14], "texture": "#0"},
				"west": {"uv": [4, 8, 5, 14], "texture": "#0"},
				"up": {"uv": [4, 9, 11, 8], "texture": "#0"},
				"down": {"uv": [4, 14, 11, 13], "texture": "#0"}
			}
		},
		{
			"from": [5.5, 7, 9.5],
			"to": [10.5, 9, 10.5],
			"rotation": {"angle": 0, "axis": "y", "origin": [7.5, 3, 10.5]},
			"faces": {
				"north": {"uv": [0, 0, 2, 1], "texture": "#missing"},
				"east": {"uv": [9, 6, 10, 8], "texture": "#0"},
				"south": {"uv": [5, 6, 10, 8], "texture": "#0"},
				"west": {"uv": [5, 6, 6, 8], "texture": "#0"},
				"up": {"uv": [5, 7, 10, 6], "texture": "#0"},
				"down": {"uv": [2, 1, 0, 0], "texture": "#missing"}
			}
		},
		{
			"from": [7.5, 9, 8.5],
			"to": [8.5, 11, 9.5],
			"rotation": {"angle": 0, "axis": "y", "origin": [7.5, 5, 9.5]},
			"faces": {
				"north": {"uv": [0, 0, 2, 1], "texture": "#missing"},
				"east": {"uv": [0, 0, 1, 1], "texture": "#missing"},
				"south": {"uv": [8, 6, 7, 4], "texture": "#0"},
				"west": {"uv": [0, 0, 1, 1], "texture": "#missing"},
				"up": {"uv": [2, 1, 0, 0], "texture": "#missing"},
				"down": {"uv": [2, 1, 0, 0], "texture": "#missing"}
			}
		},
		{
			"from": [6.5, 11, 9.5],
			"to": [9.5, 13, 10.5],
			"rotation": {"angle": 0, "axis": "y", "origin": [7.5, 7, 10.5]},
			"faces": {
				"north": {"uv": [0, 0, 2, 1], "texture": "#missing"},
				"east": {"uv": [8, 1, 9, 2], "texture": "#0"},
				"south": {"uv": [6, 2, 9, 4], "texture": "#0"},
				"west": {"uv": [6, 1, 7, 2], "texture": "#0"},
				"up": {"uv": [7, 3, 6, 2], "texture": "#0"},
				"down": {"uv": [6, 4, 9, 3], "texture": "#0"}
			}
		},
		{
			"from": [5.5, 11, 9.5],
			"to": [6.5, 13, 10.5],
			"rotation": {"angle": 0, "axis": "y", "origin": [6.5, 7, 10.5]},
			"faces": {
				"north": {"uv": [0, 0, 2, 1], "texture": "#missing"},
				"east": {"uv": [0, 0, 1, 1], "texture": "#missing"},
				"south": {"uv": [7, 4, 8, 6], "texture": "#0"},
				"west": {"uv": [7, 4, 8, 6], "texture": "#0"},
				"up": {"uv": [7, 4, 8, 5], "texture": "#0"},
				"down": {"uv": [5, 2, 6, 3], "texture": "#0"}
			}
		},
		{
			"from": [9.5, 11, 9.5],
			"to": [10.5, 13, 10.5],
			"rotation": {"angle": 0, "axis": "y", "origin": [10.5, 7, 10.5]},
			"faces": {
				"north": {"uv": [0, 0, 2, 1], "texture": "#missing"},
				"east": {"uv": [5, 2, 6, 4], "texture": "#0"},
				"south": {"uv": [5, 2, 6, 4], "texture": "#0"},
				"west": {"uv": [0, 0, 1, 1], "texture": "#missing"},
				"up": {"uv": [5, 2, 6, 3], "texture": "#0"},
				"down": {"uv": [5, 3, 6, 4], "texture": "#0"}
			}
		},
		{
			"from": [6.5, 9, 8.5],
			"to": [7.5, 11, 9.5],
			"rotation": {"angle": 0, "axis": "y", "origin": [6.5, 5, 9.5]},
			"faces": {
				"north": {"uv": [0, 0, 2, 1], "texture": "#missing"},
				"east": {"uv": [0, 0, 1, 1], "texture": "#missing"},
				"south": {"uv": [7, 7, 5, 6], "rotation": 90, "texture": "#0"},
				"west": {"uv": [7, 6, 5, 7], "rotation": 90, "texture": "#0"},
				"up": {"uv": [2, 1, 0, 0], "texture": "#missing"},
				"down": {"uv": [2, 1, 0, 0], "texture": "#missing"}
			}
		},
		{
			"from": [8.5, 9, 8.5],
			"to": [9.5, 11, 9.5],
			"rotation": {"angle": 0, "axis": "y", "origin": [8.5, 5, 9.5]},
			"faces": {
				"north": {"uv": [0, 0, 2, 1], "texture": "#missing"},
				"east": {"uv": [6, 6, 8, 5], "rotation": 90, "texture": "#0"},
				"south": {"uv": [6, 6, 8, 5], "rotation": 90, "texture": "#0"},
				"west": {"uv": [0, 0, 1, 1], "texture": "#missing"},
				"up": {"uv": [2, 1, 0, 0], "texture": "#missing"},
				"down": {"uv": [2, 1, 0, 0], "texture": "#missing"}
			}
		},
		{
			"from": [6.5, 13, 8.5],
			"to": [9.5, 14, 9.5],
			"rotation": {"angle": 0, "axis": "y", "origin": [7.5, 7, 9.5]},
			"faces": {
				"north": {"uv": [0, 0, 2, 1], "texture": "#missing"},
				"east": {"uv": [8, 1, 9, 2], "texture": "#0"},
				"south": {"uv": [6, 1, 9, 2], "texture": "#0"},
				"west": {"uv": [6, 1, 7, 2], "texture": "#0"},
				"up": {"uv": [6, 2, 9, 1], "texture": "#0"},
				"down": {"uv": [6, 4, 9, 3], "texture": "#0"}
			}
		},
		{
			"from": [9.5, 0, 6.5],
			"to": [10.5, 1, 9.5],
			"rotation": {"angle": 0, "axis": "y", "origin": [10.5, 0, 8.5]},
			"faces": {
				"north": {"uv": [0, 0, 1, 1], "texture": "#missing"},
				"east": {"uv": [9, 14, 6, 15], "texture": "#0"},
				"south": {"uv": [0, 0, 1, 1], "texture": "#missing"},
				"west": {"uv": [0, 0, 2, 1], "texture": "#missing"},
				"up": {"uv": [0, 0, 2, 1], "rotation": 90, "texture": "#missing"},
				"down": {"uv": [9, 15, 6, 14], "rotation": 90, "texture": "#0"}
			}
		},
		{
			"from": [6.5, 0, 6.5],
			"to": [9.5, 1, 9.5],
			"rotation": {"angle": 0, "axis": "y", "origin": [9.5, 0, 8.5]},
			"faces": {
				"north": {"uv": [0, 0, 1, 1], "texture": "#missing"},
				"east": {"uv": [9, 14, 6, 15], "texture": "#0"},
				"south": {"uv": [0, 0, 1, 1], "texture": "#missing"},
				"west": {"uv": [0, 0, 2, 1], "texture": "#missing"},
				"up": {"uv": [0, 0, 2, 1], "rotation": 90, "texture": "#missing"},
				"down": {"uv": [8, 15, 7, 14], "rotation": 90, "texture": "#0"}
			}
		},
		{
			"from": [10.5, 1, 5.5],
			"to": [11.5, 7, 10.5],
			"rotation": {"angle": 0, "axis": "y", "origin": [11.5, 1, 8.5]},
			"faces": {
				"north": {"uv": [0, 0, 1, 1], "texture": "#missing"},
				"east": {"uv": [10, 8, 5, 14], "texture": "#0"},
				"south": {"uv": [0, 0, 1, 1], "texture": "#missing"},
				"west": {"uv": [0, 0, 2, 1], "texture": "#missing"},
				"up": {"uv": [5, 8, 10, 9], "rotation": 90, "texture": "#0"},
				"down": {"uv": [10, 13, 5, 14], "rotation": 90, "texture": "#0"}
			}
		},
		{
			"from": [9.5, 7, 6.5],
			"to": [10.5, 9, 9.5],
			"rotation": {"angle": 0, "axis": "y", "origin": [10.5, 3, 8.5]},
			"faces": {
				"north": {"uv": [0, 0, 1, 1], "texture": "#missing"},
				"east": {"uv": [9, 6, 6, 8], "texture": "#0"},
				"south": {"uv": [0, 0, 1, 1], "texture": "#missing"},
				"west": {"uv": [0, 0, 2, 1], "texture": "#missing"},
				"up": {"uv": [6, 7, 9, 6], "rotation": 90, "texture": "#0"},
				"down": {"uv": [0, 0, 2, 1], "rotation": 270, "texture": "#missing"}
			}
		},
		{
			"from": [8.5, 9, 7.5],
			"to": [9.5, 11, 8.5],
			"rotation": {"angle": 0, "axis": "y", "origin": [9.5, 5, 8.5]},
			"faces": {
				"north": {"uv": [0, 0, 1, 1], "texture": "#missing"},
				"east": {"uv": [7, 6, 8, 4], "texture": "#0"},
				"south": {"uv": [0, 0, 1, 1], "texture": "#missing"},
				"west": {"uv": [0, 0, 2, 1], "texture": "#missing"},
				"up": {"uv": [0, 0, 2, 1], "rotation": 90, "texture": "#missing"},
				"down": {"uv": [0, 0, 2, 1], "rotation": 270, "texture": "#missing"}
			}
		},
		{
			"from": [9.5, 11, 6.5],
			"to": [10.5, 13, 9.5],
			"rotation": {"angle": 0, "axis": "y", "origin": [10.5, 7, 8.5]},
			"faces": {
				"north": {"uv": [0, 0, 1, 1], "texture": "#missing"},
				"east": {"uv": [9, 2, 6, 4], "texture": "#0"},
				"south": {"uv": [0, 0, 1, 1], "texture": "#missing"},
				"west": {"uv": [0, 0, 2, 1], "texture": "#missing"},
				"up": {"uv": [6, 2, 7, 3], "texture": "#0"},
				"down": {"uv": [9, 4, 6, 3], "rotation": 90, "texture": "#0"}
			}
		},
		{
			"from": [8.5, 13, 7.5],
			"to": [9.5, 14, 8.5],
			"rotation": {"angle": 0, "axis": "y", "origin": [9.5, 7, 8.5]},
			"faces": {
				"north": {"uv": [0, 0, 1, 1], "texture": "#missing"},
				"east": {"uv": [8, 1, 7, 2], "texture": "#0"},
				"south": {"uv": [0, 0, 1, 1], "texture": "#missing"},
				"west": {"uv": [0, 0, 2, 1], "texture": "#missing"},
				"up": {"uv": [8, 1, 7, 2], "texture": "#0"},
				"down": {"uv": [0, 0, 2, 1], "rotation": 270, "texture": "#missing"}
			}
		},
		{
			"from": [7.5, 13, 7.5],
			"to": [8.5, 14, 8.5],
			"rotation": {"angle": 0, "axis": "y", "origin": [8.5, 7, 8.5]},
			"faces": {
				"north": {"uv": [0, 0, 1, 1], "texture": "#missing"},
				"east": {"uv": [8, 1, 7, 2], "texture": "#0"},
				"south": {"uv": [0, 0, 1, 1], "texture": "#missing"},
				"west": {"uv": [0, 0, 2, 1], "texture": "#missing"},
				"up": {"uv": [8, 1, 7, 2], "texture": "#0"},
				"down": {"uv": [0, 0, 2, 1], "rotation": 270, "texture": "#missing"}
			}
		},
		{
			"from": [5.5, 0, 6.5],
			"to": [6.5, 1, 9.5],
			"rotation": {"angle": 0, "axis": "y", "origin": [5.5, 0, 7.5]},
			"faces": {
				"north": {"uv": [0, 0, 1, 1], "texture": "#missing"},
				"east": {"uv": [0, 0, 2, 1], "texture": "#missing"},
				"south": {"uv": [0, 0, 1, 1], "texture": "#missing"},
				"west": {"uv": [9, 14, 6, 15], "texture": "#0"},
				"up": {"uv": [2, 1, 0, 0], "rotation": 90, "texture": "#missing"},
				"down": {"uv": [6, 14, 9, 15], "rotation": 90, "texture": "#0"}
			}
		},
		{
			"from": [4.5, 1, 5.5],
			"to": [5.5, 7, 10.5],
			"rotation": {"angle": 0, "axis": "y", "origin": [4.5, 1, 7.5]},
			"faces": {
				"north": {"uv": [0, 0, 1, 1], "texture": "#missing"},
				"east": {"uv": [0, 0, 2, 1], "texture": "#missing"},
				"south": {"uv": [0, 0, 1, 1], "texture": "#missing"},
				"west": {"uv": [10, 8, 5, 14], "texture": "#0"},
				"up": {"uv": [10, 9, 5, 8], "rotation": 90, "texture": "#0"},
				"down": {"uv": [5, 14, 10, 13], "rotation": 90, "texture": "#0"}
			}
		},
		{
			"from": [5.5, 7, 6.5],
			"to": [6.5, 9, 9.5],
			"rotation": {"angle": 0, "axis": "y", "origin": [5.5, 3, 7.5]},
			"faces": {
				"north": {"uv": [0, 0, 1, 1], "texture": "#missing"},
				"east": {"uv": [0, 0, 2, 1], "texture": "#missing"},
				"south": {"uv": [0, 0, 1, 1], "texture": "#missing"},
				"west": {"uv": [9, 6, 6, 8], "texture": "#0"},
				"up": {"uv": [9, 6, 6, 7], "rotation": 90, "texture": "#0"},
				"down": {"uv": [2, 1, 0, 0], "rotation": 270, "texture": "#missing"}
			}
		},
		{
			"from": [6.5, 9, 7.5],
			"to": [7.5, 11, 8.5],
			"rotation": {"angle": 0, "axis": "y", "origin": [6.5, 5, 7.5]},
			"faces": {
				"north": {"uv": [0, 0, 1, 1], "texture": "#missing"},
				"east": {"uv": [0, 0, 2, 1], "texture": "#missing"},
				"south": {"uv": [0, 0, 1, 1], "texture": "#missing"},
				"west": {"uv": [7, 6, 8, 4], "texture": "#0"},
				"up": {"uv": [2, 1, 0, 0], "rotation": 90, "texture": "#missing"},
				"down": {"uv": [2, 1, 0, 0], "rotation": 270, "texture": "#missing"}
			}
		},
		{
			"from": [5.5, 11, 6.5],
			"to": [6.5, 13, 9.5],
			"rotation": {"angle": 0, "axis": "y", "origin": [5.5, 7, 7.5]},
			"faces": {
				"north": {"uv": [0, 0, 1, 1], "texture": "#missing"},
				"east": {"uv": [0, 0, 2, 1], "texture": "#missing"},
				"south": {"uv": [0, 0, 1, 1], "texture": "#missing"},
				"west": {"uv": [9, 2, 6, 4], "texture": "#0"},
				"up": {"uv": [7, 3, 6, 2], "texture": "#0"},
				"down": {"uv": [6, 3, 9, 4], "rotation": 90, "texture": "#0"}
			}
		},
		{
			"from": [6.5, 13, 7.5],
			"to": [7.5, 14, 8.5],
			"rotation": {"angle": 0, "axis": "y", "origin": [6.5, 7, 7.5]},
			"faces": {
				"north": {"uv": [0, 0, 1, 1], "texture": "#missing"},
				"east": {"uv": [0, 0, 2, 1], "texture": "#missing"},
				"south": {"uv": [0, 0, 1, 1], "texture": "#missing"},
				"west": {"uv": [8, 1, 7, 2], "texture": "#0"},
				"up": {"uv": [7, 2, 8, 1], "texture": "#0"},
				"down": {"uv": [2, 1, 0, 0], "rotation": 270, "texture": "#missing"}
			}
		}
	],
	"groups": [
		{
			"name": "group",
			"origin": [8, 8, 8],
			"color": 0,
			"children": [0, 1, 2, 3, 4, 5, 6, 7, 8, 9, 10, 11, 12, 13, 14, 15, 16, 17, 18, 19]
		},
		{
			"name": "group",
			"origin": [8, 8, 8],
			"color": 0,
			"children": [20, 21, 22, 23, 24, 25, 26, 27, 28, 29, 30, 31, 32, 33]
		}
	]
}