{
	"credit": "Made with Blockbench",
	"textures": {
		"0": "vinery:item/bad_omen_wine",
		"particle": "vinery:item/bad_omen_wine"
	},
	"elements": [
		{
			"from": [5, 0, 5],
			"to": [11, 9, 6],
			"rotation": {"angle": 0, "axis": "y", "origin": [9, 0, 5]},
			"faces": {
				"north": {"uv": [5, 6, 11, 15], "texture": "#0"},
				"east": {"uv": [5, 6, 6, 15], "texture": "#0"},
				"south": {"uv": [0, 0, 6, 1], "texture": "#missing"},
				"west": {"uv": [10, 6, 11, 15], "texture": "#0"},
				"up": {"uv": [11, 6, 5, 7], "texture": "#0"},
				"down": {"uv": [11, 14, 5, 15], "texture": "#0"}
			}
		},
		{
			"from": [6, 9, 7],
			"to": [7, 10, 9],
			"rotation": {"angle": 0, "axis": "y", "origin": [6, 1, 7]},
			"faces": {
				"north": {"uv": [0, 0, 1, 1], "texture": "#missing"},
				"east": {"uv": [0, 0, 6, 1], "texture": "#missing"},
				"south": {"uv": [0, 0, 1, 1], "texture": "#missing"},
				"west": {"uv": [9, 5, 7, 6], "texture": "#0"},
				"up": {"uv": [9, 5, 7, 6], "rotation": 90, "texture": "#0"},
				"down": {"uv": [6, 1, 0, 0], "rotation": 270, "texture": "#missing"}
			}
		},
		{
			"from": [5, 0, 6],
			"to": [6, 9, 10],
			"rotation": {"angle": 0, "axis": "y", "origin": [5, 0, 7]},
			"faces": {
				"north": {"uv": [0, 0, 1, 1], "texture": "#missing"},
				"east": {"uv": [0, 0, 6, 1], "texture": "#missing"},
				"south": {"uv": [0, 0, 1, 1], "texture": "#missing"},
				"west": {"uv": [10, 6, 6, 15], "texture": "#0"},
				"up": {"uv": [10, 6, 6, 7], "rotation": 90, "texture": "#0"},
				"down": {"uv": [6, 14, 11, 15], "rotation": 90, "texture": "#0"}
			}
		},
		{
			"from": [6, 12, 6],
			"to": [7, 14, 9],
			"rotation": {"angle": 0, "axis": "y", "origin": [6, 4, 7]},
			"faces": {
				"north": {"uv": [10, 1, 9, 3], "texture": "#0"},
				"east": {"uv": [0, 0, 6, 1], "texture": "#missing"},
				"south": {"uv": [0, 0, 1, 1], "texture": "#missing"},
				"west": {"uv": [10, 1, 7, 3], "texture": "#0"},
				"up": {"uv": [10, 1, 7, 2], "rotation": 90, "texture": "#0"},
				"down": {"uv": [7, 3, 10, 2], "rotation": 90, "texture": "#0"}
			}
		},
		{
			"from": [6, 12, 9],
			"to": [9, 14, 10],
			"rotation": {"angle": 0, "axis": "y", "origin": [7, 4, 10]},
			"faces": {
				"north": {"uv": [0, 0, 6, 1], "texture": "#missing"},
				"east": {"uv": [9, 1, 10, 3], "texture": "#0"},
				"south": {"uv": [6, 1, 9, 3], "texture": "#0"},
				"west": {"uv": [6, 1, 7, 3], "texture": "#0"},
				"up": {"uv": [6, 2, 9, 1], "texture": "#0"},
				"down": {"uv": [6, 2, 9, 3], "texture": "#0"}
			}
		},
		{
			"from": [7, 12, 7],
			"to": [9, 14, 9],
			"rotation": {"angle": 0, "axis": "y", "origin": [7, 4, 9]},
			"faces": {
				"north": {"uv": [0, 0, 6, 1], "texture": "#missing"},
				"east": {"uv": [9, 1, 10, 3], "texture": "#0"},
				"south": {"uv": [6, 1, 9, 3], "texture": "#0"},
				"west": {"uv": [6, 1, 7, 3], "texture": "#0"},
				"up": {"uv": [6, 2, 7, 1], "texture": "#0"},
				"down": {"uv": [6, 2, 9, 3], "texture": "#0"}
			}
		},
		{
			"from": [7, 10, 8],
			"to": [9, 12, 9],
			"rotation": {"angle": 0, "axis": "y", "origin": [7, 2, 9]},
			"faces": {
				"north": {"uv": [0, 0, 6, 1], "texture": "#missing"},
				"east": {"uv": [8, 3, 9, 5], "texture": "#0"},
				"south": {"uv": [7, 3, 9, 5], "texture": "#0"},
				"west": {"uv": [7, 3, 8, 5], "texture": "#0"},
				"up": {"uv": [6, 1, 0, 0], "texture": "#missing"},
				"down": {"uv": [6, 1, 0, 0], "texture": "#missing"}
			}
		},
		{
			"from": [6, 9, 9],
			"to": [9, 10, 10],
			"rotation": {"angle": 0, "axis": "y", "origin": [7, 1, 10]},
			"faces": {
				"north": {"uv": [0, 0, 6, 1], "texture": "#missing"},
				"east": {"uv": [9, 5, 10, 6], "texture": "#0"},
				"south": {"uv": [6, 5, 9, 6], "texture": "#0"},
				"west": {"uv": [6, 5, 7, 6], "texture": "#0"},
				"up": {"uv": [6, 6, 9, 5], "texture": "#0"},
				"down": {"uv": [6, 1, 0, 0], "texture": "#missing"}
			}
		},
		{
			"from": [5, 0, 10],
			"to": [10, 9, 11],
			"rotation": {"angle": 0, "axis": "y", "origin": [7, 0, 11]},
			"faces": {
				"north": {"uv": [0, 0, 6, 1], "texture": "#missing"},
				"east": {"uv": [10, 6, 11, 15], "texture": "#0"},
				"south": {"uv": [5, 6, 10, 15], "texture": "#0"},
				"west": {"uv": [5, 6, 6, 15], "texture": "#0"},
				"up": {"uv": [5, 7, 10, 6], "texture": "#0"},
				"down": {"uv": [5, 15, 11, 14], "texture": "#0"}
			}
		},
		{
			"from": [6, 9, 6],
			"to": [10, 10, 7],
			"rotation": {"angle": 0, "axis": "y", "origin": [9, 1, 6]},
			"faces": {
				"north": {"uv": [6, 5, 10, 6], "texture": "#0"},
				"east": {"uv": [6, 5, 7, 6], "texture": "#0"},
				"south": {"uv": [0, 0, 6, 1], "texture": "#missing"},
				"west": {"uv": [9, 5, 10, 6], "texture": "#0"},
				"up": {"uv": [10, 5, 6, 6], "texture": "#0"},
				"down": {"uv": [0, 0, 6, 1], "texture": "#missing"}
			}
		},
		{
			"from": [7, 10, 7],
			"to": [9, 12, 8],
			"rotation": {"angle": 0, "axis": "y", "origin": [9, 2, 7]},
			"faces": {
				"north": {"uv": [7, 3, 9, 5], "texture": "#0"},
				"east": {"uv": [7, 3, 8, 5], "texture": "#0"},
				"south": {"uv": [0, 0, 6, 1], "texture": "#missing"},
				"west": {"uv": [8, 3, 9, 5], "texture": "#0"},
				"up": {"uv": [0, 0, 6, 1], "texture": "#missing"},
				"down": {"uv": [0, 0, 6, 1], "texture": "#missing"}
			}
		},
		{
			"from": [7, 12, 6],
			"to": [10, 14, 7],
			"rotation": {"angle": 0, "axis": "y", "origin": [9, 4, 6]},
			"faces": {
				"north": {"uv": [6, 1, 9, 3], "texture": "#0"},
				"east": {"uv": [6, 1, 7, 3], "texture": "#0"},
				"south": {"uv": [0, 0, 6, 1], "texture": "#missing"},
				"west": {"uv": [9, 1, 10, 3], "texture": "#0"},
				"up": {"uv": [9, 1, 6, 2], "texture": "#0"},
				"down": {"uv": [6, 2, 9, 3], "texture": "#0"}
			}
		},
		{
			"from": [9, 9, 7],
			"to": [10, 10, 10],
			"rotation": {"angle": 0, "axis": "y", "origin": [10, 1, 9]},
			"faces": {
				"north": {"uv": [0, 0, 1, 1], "texture": "#missing"},
				"east": {"uv": [10, 5, 7, 6], "texture": "#0"},
				"south": {"uv": [9, 5, 10, 6], "texture": "#0"},
				"west": {"uv": [0, 0, 6, 1], "texture": "#missing"},
				"up": {"uv": [7, 6, 10, 5], "rotation": 90, "texture": "#0"},
				"down": {"uv": [0, 0, 6, 1], "rotation": 270, "texture": "#missing"}
			}
		},
		{
			"from": [10, 0, 6],
			"to": [11, 9, 11],
			"rotation": {"angle": 0, "axis": "y", "origin": [11, 0, 9]},
			"faces": {
				"north": {"uv": [0, 0, 1, 1], "texture": "#missing"},
				"east": {"uv": [11, 6, 6, 15], "texture": "#0"},
				"south": {"uv": [11, 6, 10, 15], "texture": "#0"},
				"west": {"uv": [0, 0, 6, 1], "texture": "#missing"},
				"up": {"uv": [6, 7, 11, 6], "rotation": 90, "texture": "#0"},
				"down": {"uv": [11, 15, 6, 14], "rotation": 90, "texture": "#0"}
			}
		},
		{
			"from": [6, 0, 6],
			"to": [10, 1, 10],
			"rotation": {"angle": 0, "axis": "y", "origin": [10, 0, 9]},
			"faces": {
				"north": {"uv": [0, 0, 1, 1], "texture": "#missing"},
				"east": {"uv": [11, 6, 6, 15], "texture": "#0"},
				"south": {"uv": [11, 6, 10, 15], "texture": "#0"},
				"west": {"uv": [0, 0, 6, 1], "texture": "#missing"},
				"up": {"uv": [6, 7, 11, 6], "rotation": 90, "texture": "#0"},
				"down": {"uv": [10, 15, 9, 14], "rotation": 90, "texture": "#0"}
			}
		},
		{
			"from": [9, 12, 7],
			"to": [10, 14, 10],
			"rotation": {"angle": 0, "axis": "y", "origin": [10, 4, 9]},
			"faces": {
				"north": {"uv": [0, 0, 1, 1], "texture": "#missing"},
				"east": {"uv": [10, 1, 7, 3], "texture": "#0"},
				"south": {"uv": [10, 1, 9, 3], "texture": "#0"},
				"west": {"uv": [0, 0, 6, 1], "texture": "#missing"},
				"up": {"uv": [7, 2, 10, 1], "rotation": 90, "texture": "#0"},
				"down": {"uv": [10, 3, 7, 2], "rotation": 90, "texture": "#0"}
			}
		}
	]
}