{
	"credit": "Made with Blockbench",
	"textures": {
		"0": "vinery:item/bolvar_wine",
		"particle": "vinery:item/bolvar_wine"
	},
	"elements": [
		{
			"from": [5.5, 0, 5.5],
			"to": [10.5, 1, 6.5],
			"rotation": {"angle": 0, "axis": "y", "origin": [5.5, 0, 5.5]},
			"faces": {
				"north": {"uv": [6, 14, 11, 15], "texture": "#0"},
				"east": {"uv": [7, 14, 6, 15], "texture": "#0"},
				"south": {"uv": [0, 0, 5, 1], "texture": "#missing"},
				"west": {"uv": [10, 14, 11, 15], "texture": "#0"},
				"up": {"uv": [0, 0, 5, 1], "texture": "#missing"},
				"down": {"uv": [11, 14, 6, 15], "texture": "#0"}
			}
		},
		{
			"from": [6.5, 9, 7.5],
			"to": [7.5, 15, 8.5],
			"rotation": {"angle": 0, "axis": "y", "origin": [6.5, 9, 10.5]},
			"faces": {
				"north": {"uv": [0, 0, 1, 1], "texture": "#missing"},
				"east": {"uv": [0, 0, 5, 1], "texture": "#missing"},
				"south": {"uv": [0, 0, 1, 1], "texture": "#missing"},
				"west": {"uv": [9, 0, 8, 6], "texture": "#0"},
				"up": {"uv": [8, 1, 9, 0], "texture": "#0"},
				"down": {"uv": [5, 1, 0, 0], "rotation": 270, "texture": "#missing"}
			}
		},
		{
			"from": [5.5, 7, 6.5],
			"to": [6.5, 9, 9.5],
			"rotation": {"angle": 0, "axis": "y", "origin": [5.5, 7, 10.5]},
			"faces": {
				"north": {"uv": [0, 0, 1, 1], "texture": "#missing"},
				"east": {"uv": [0, 0, 5, 1], "texture": "#missing"},
				"south": {"uv": [0, 0, 1, 1], "texture": "#missing"},
				"west": {"uv": [10, 6, 7, 8], "texture": "#0"},
				"up": {"uv": [10, 6, 7, 7], "rotation": 90, "texture": "#0"},
				"down": {"uv": [5, 1, 0, 0], "rotation": 270, "texture": "#missing"}
			}
		},
		{
			"from": [4.5, 5, 5.5],
			"to": [5.5, 7, 10.5],
			"rotation": {"angle": 0, "axis": "y", "origin": [4.5, 5, 10.5]},
			"faces": {
				"north": {"uv": [0, 0, 1, 1], "texture": "#missing"},
				"east": {"uv": [0, 0, 5, 1], "texture": "#missing"},
				"south": {"uv": [0, 0, 1, 1], "texture": "#missing"},
				"west": {"uv": [11, 8, 6, 10], "texture": "#0"},
				"up": {"uv": [11, 8, 6, 9], "rotation": 90, "texture": "#0"},
				"down": {"uv": [5, 1, 0, 0], "rotation": 270, "texture": "#missing"}
			}
		},
		{
			"from": [4.5, 1, 5.5],
			"to": [5.5, 5, 10.5],
			"rotation": {"angle": 0, "axis": "y", "origin": [4.5, 1, 10.5]},
			"faces": {
				"north": {"uv": [0, 0, 1, 1], "texture": "#missing"},
				"east": {"uv": [0, 0, 5, 1], "texture": "#missing"},
				"south": {"uv": [0, 0, 1, 1], "texture": "#missing"},
				"west": {"uv": [11, 10, 6, 14], "texture": "#0"},
				"up": {"uv": [5, 1, 0, 0], "rotation": 90, "texture": "#missing"},
				"down": {"uv": [6, 13, 11, 14], "rotation": 90, "texture": "#0"}
			}
		},
		{
			"from": [5.5, 0, 6.5],
			"to": [6.5, 1, 9.5],
			"rotation": {"angle": 0, "axis": "y", "origin": [5.5, 0, 10.5]},
			"faces": {
				"north": {"uv": [0, 0, 1, 1], "texture": "#missing"},
				"east": {"uv": [0, 0, 5, 1], "texture": "#missing"},
				"south": {"uv": [0, 0, 1, 1], "texture": "#missing"},
				"west": {"uv": [10, 14, 7, 15], "texture": "#0"},
				"up": {"uv": [5, 1, 0, 0], "rotation": 90, "texture": "#missing"},
				"down": {"uv": [7, 14, 10, 15], "rotation": 90, "texture": "#0"}
			}
		},
		{
			"from": [6.5, 9, 8.5],
			"to": [9.5, 15, 9.5],
			"rotation": {"angle": 0, "axis": "y", "origin": [10.5, 9, 9.5]},
			"faces": {
				"north": {"uv": [0, 0, 5, 1], "texture": "#missing"},
				"east": {"uv": [9, 0, 10, 6], "texture": "#0"},
				"south": {"uv": [7, 0, 10, 6], "texture": "#0"},
				"west": {"uv": [7, 0, 8, 6], "texture": "#0"},
				"up": {"uv": [7, 1, 10, 0], "texture": "#0"},
				"down": {"uv": [5, 1, 0, 0], "texture": "#missing"}
			}
		},
		{
			"from": [10.5, 5, 10.5],
			"to": [11.5, 7, 11.5],
			"rotation": {"angle": 0, "axis": "y", "origin": [12.5, 5, 11.5]},
			"faces": {
				"north": {"uv": [0, 0, 5, 1], "texture": "#missing"},
				"east": {"uv": [10, 9, 11, 11], "texture": "#0"},
				"south": {"uv": [10, 9, 11, 11], "texture": "#0"},
				"west": {"uv": [0, 0, 1, 1], "texture": "#missing"},
				"up": {"uv": [11, 11, 10, 10], "texture": "#0"},
				"down": {"uv": [5, 1, 0, 0], "texture": "#missing"}
			}
		},
		{
			"from": [4.5, 5, 10.5],
			"to": [5.5, 7, 11.5],
			"rotation": {"angle": 0, "axis": "y", "origin": [6.5, 5, 11.5]},
			"faces": {
				"north": {"uv": [0, 0, 5, 1], "texture": "#missing"},
				"east": {"uv": [0, 0, 1, 1], "texture": "#missing"},
				"south": {"uv": [10, 15, 11, 13], "texture": "#0"},
				"west": {"uv": [10, 15, 11, 13], "texture": "#0"},
				"up": {"uv": [11, 14, 10, 15], "texture": "#0"},
				"down": {"uv": [5, 1, 0, 0], "texture": "#missing"}
			}
		},
		{
			"from": [5.5, 7, 9.5],
			"to": [6.5, 9, 10.5],
			"rotation": {"angle": 0, "axis": "y", "origin": [7.5, 7, 10.5]},
			"faces": {
				"north": {"uv": [0, 0, 5, 1], "texture": "#missing"},
				"east": {"uv": [0, 0, 1, 1], "texture": "#missing"},
				"south": {"uv": [9, 6, 10, 8], "texture": "#0"},
				"west": {"uv": [9, 6, 10, 8], "texture": "#0"},
				"up": {"uv": [10, 7, 9, 6], "texture": "#0"},
				"down": {"uv": [5, 1, 0, 0], "texture": "#missing"}
			}
		},
		{
			"from": [9.5, 7, 9.5],
			"to": [10.5, 9, 10.5],
			"rotation": {"angle": 0, "axis": "y", "origin": [11.5, 7, 10.5]},
			"faces": {
				"north": {"uv": [0, 0, 5, 1], "texture": "#missing"},
				"east": {"uv": [10, 8, 11, 10], "texture": "#0"},
				"south": {"uv": [10, 8, 11, 10], "texture": "#0"},
				"west": {"uv": [0, 0, 1, 1], "texture": "#missing"},
				"up": {"uv": [11, 9, 10, 8], "texture": "#0"},
				"down": {"uv": [5, 1, 0, 0], "texture": "#missing"}
			}
		},
		{
			"from": [6.5, 7, 9.5],
			"to": [9.5, 9, 10.5],
			"rotation": {"angle": 0, "axis": "y", "origin": [10.5, 7, 10.5]},
			"faces": {
				"north": {"uv": [0, 0, 5, 1], "texture": "#missing"},
				"east": {"uv": [0, 0, 1, 1], "texture": "#missing"},
				"south": {"uv": [7, 6, 10, 8], "texture": "#0"},
				"west": {"uv": [0, 0, 1, 1], "texture": "#missing"},
				"up": {"uv": [7, 7, 10, 6], "texture": "#0"},
				"down": {"uv": [5, 1, 0, 0], "texture": "#missing"}
			}
		},
		{
			"from": [5.5, 5, 10.5],
			"to": [10.5, 7, 11.5],
			"rotation": {"angle": 0, "axis": "y", "origin": [10.5, 5, 11.5]},
			"faces": {
				"north": {"uv": [0, 0, 5, 1], "texture": "#missing"},
				"east": {"uv": [0, 0, 1, 1], "texture": "#missing"},
				"south": {"uv": [6, 8, 11, 10], "texture": "#0"},
				"west": {"uv": [0, 0, 1, 1], "texture": "#missing"},
				"up": {"uv": [6, 9, 11, 8], "texture": "#0"},
				"down": {"uv": [5, 1, 0, 0], "texture": "#missing"}
			}
		},
		{
			"from": [4.5, 1, 10.5],
			"to": [11.5, 5, 11.5],
			"rotation": {"angle": 0, "axis": "y", "origin": [10.5, 1, 11.5]},
			"faces": {
				"north": {"uv": [0, 0, 5, 1], "texture": "#missing"},
				"east": {"uv": [11, 10, 12, 14], "texture": "#0"},
				"south": {"uv": [5, 10, 12, 14], "texture": "#0"},
				"west": {"uv": [5, 10, 6, 14], "texture": "#0"},
				"up": {"uv": [5, 1, 0, 0], "texture": "#missing"},
				"down": {"uv": [5, 14, 12, 13], "texture": "#0"}
			}
		},
		{
			"from": [5.5, 0, 9.5],
			"to": [10.5, 1, 10.5],
			"rotation": {"angle": 0, "axis": "y", "origin": [10.5, 0, 10.5]},
			"faces": {
				"north": {"uv": [0, 0, 5, 1], "texture": "#missing"},
				"east": {"uv": [10, 14, 11, 15], "texture": "#0"},
				"south": {"uv": [6, 14, 11, 15], "texture": "#0"},
				"west": {"uv": [7, 14, 6, 15], "texture": "#0"},
				"up": {"uv": [5, 1, 0, 0], "texture": "#missing"},
				"down": {"uv": [6, 15, 11, 14], "texture": "#0"}
			}
		},
		{
			"from": [4.5, 1, 4.5],
			"to": [11.5, 5, 5.5],
			"rotation": {"angle": 0, "axis": "y", "origin": [5.5, 1, 4.5]},
			"faces": {
				"north": {"uv": [5, 10, 12, 14], "texture": "#0"},
				"east": {"uv": [5, 10, 6, 14], "texture": "#0"},
				"south": {"uv": [0, 0, 5, 1], "texture": "#missing"},
				"west": {"uv": [11, 10, 12, 14], "texture": "#0"},
				"up": {"uv": [0, 0, 5, 1], "texture": "#missing"},
				"down": {"uv": [12, 13, 5, 14], "texture": "#0"}
			}
		},
		{
			"from": [5.5, 5, 4.5],
			"to": [10.5, 7, 5.5],
			"rotation": {"angle": 0, "axis": "y", "origin": [5.5, 5, 4.5]},
			"faces": {
				"north": {"uv": [6, 8, 11, 10], "texture": "#0"},
				"east": {"uv": [0, 0, 1, 1], "texture": "#missing"},
				"south": {"uv": [0, 0, 5, 1], "texture": "#missing"},
				"west": {"uv": [0, 0, 1, 1], "texture": "#missing"},
				"up": {"uv": [11, 8, 6, 9], "texture": "#0"},
				"down": {"uv": [0, 0, 5, 1], "texture": "#missing"}
			}
		},
		{
			"from": [6.5, 7, 5.5],
			"to": [9.5, 9, 6.5],
			"rotation": {"angle": 0, "axis": "y", "origin": [5.5, 7, 5.5]},
			"faces": {
				"north": {"uv": [7, 6, 10, 8], "texture": "#0"},
				"east": {"uv": [0, 0, 1, 1], "texture": "#missing"},
				"south": {"uv": [0, 0, 5, 1], "texture": "#missing"},
				"west": {"uv": [0, 0, 1, 1], "texture": "#missing"},
				"up": {"uv": [10, 6, 7, 7], "texture": "#0"},
				"down": {"uv": [0, 0, 5, 1], "texture": "#missing"}
			}
		},
		{
			"from": [6.5, 9, 6.5],
			"to": [9.5, 15, 7.5],
			"rotation": {"angle": 0, "axis": "y", "origin": [5.5, 9, 6.5]},
			"faces": {
				"north": {"uv": [7, 0, 10, 6], "texture": "#0"},
				"east": {"uv": [7, 0, 8, 6], "texture": "#0"},
				"south": {"uv": [0, 0, 5, 1], "texture": "#missing"},
				"west": {"uv": [9, 0, 10, 6], "texture": "#0"},
				"up": {"uv": [10, 0, 7, 1], "texture": "#0"},
				"down": {"uv": [0, 0, 5, 1], "texture": "#missing"}
			}
		},
		{
			"from": [5.5, 7, 5.5],
			"to": [6.5, 9, 6.5],
			"rotation": {"angle": 0, "axis": "y", "origin": [4.5, 7, 5.5]},
			"faces": {
				"north": {"uv": [10, 8, 11, 10], "texture": "#0"},
				"east": {"uv": [0, 0, 1, 1], "texture": "#missing"},
				"south": {"uv": [0, 0, 5, 1], "texture": "#missing"},
				"west": {"uv": [10, 8, 11, 10], "texture": "#0"},
				"up": {"uv": [10, 8, 11, 9], "texture": "#0"},
				"down": {"uv": [0, 0, 5, 1], "texture": "#missing"}
			}
		},
		{
			"from": [4.5, 5, 4.5],
			"to": [5.5, 7, 5.5],
			"rotation": {"angle": 0, "axis": "y", "origin": [3.5, 5, 4.5]},
			"faces": {
				"north": {"uv": [10, 9, 11, 11], "texture": "#0"},
				"east": {"uv": [0, 0, 1, 1], "texture": "#missing"},
				"south": {"uv": [0, 0, 5, 1], "texture": "#missing"},
				"west": {"uv": [10, 9, 11, 11], "texture": "#0"},
				"up": {"uv": [10, 10, 11, 11], "texture": "#0"},
				"down": {"uv": [0, 0, 5, 1], "texture": "#missing"}
			}
		},
		{
			"from": [9.5, 7, 5.5],
			"to": [10.5, 9, 6.5],
			"rotation": {"angle": 0, "axis": "y", "origin": [8.5, 7, 5.5]},
			"faces": {
				"north": {"uv": [9, 6, 10, 8], "texture": "#0"},
				"east": {"uv": [9, 6, 10, 8], "texture": "#0"},
				"south": {"uv": [0, 0, 5, 1], "texture": "#missing"},
				"west": {"uv": [0, 0, 1, 1], "texture": "#missing"},
				"up": {"uv": [9, 6, 10, 7], "texture": "#0"},
				"down": {"uv": [0, 0, 5, 1], "texture": "#missing"}
			}
		},
		{
			"from": [10.5, 5, 4.5],
			"to": [11.5, 7, 5.5],
			"rotation": {"angle": 0, "axis": "y", "origin": [9.5, 5, 4.5]},
			"faces": {
				"north": {"uv": [10, 15, 11, 13], "texture": "#0"},
				"east": {"uv": [10, 15, 11, 13], "texture": "#0"},
				"south": {"uv": [0, 0, 5, 1], "texture": "#missing"},
				"west": {"uv": [0, 0, 1, 1], "texture": "#missing"},
				"up": {"uv": [10, 15, 11, 14], "texture": "#0"},
				"down": {"uv": [0, 0, 5, 1], "texture": "#missing"}
			}
		},
		{
			"from": [9.5, 0, 6.5],
			"to": [10.5, 1, 9.5],
			"rotation": {"angle": 0, "axis": "y", "origin": [10.5, 0, 5.5]},
			"faces": {
				"north": {"uv": [0, 0, 1, 1], "texture": "#missing"},
				"east": {"uv": [10, 14, 7, 15], "texture": "#0"},
				"south": {"uv": [0, 0, 1, 1], "texture": "#missing"},
				"west": {"uv": [0, 0, 5, 1], "texture": "#missing"},
				"up": {"uv": [0, 0, 5, 1], "rotation": 90, "texture": "#missing"},
				"down": {"uv": [10, 15, 7, 14], "rotation": 90, "texture": "#0"}
			}
		},
		{
			"from": [6.5, 0, 6.5],
			"to": [9.5, 1, 9.5],
			"rotation": {"angle": 0, "axis": "y", "origin": [9.5, 0, 5.5]},
			"faces": {
				"north": {"uv": [0, 0, 1, 1], "texture": "#missing"},
				"east": {"uv": [10, 14, 7, 15], "texture": "#0"},
				"south": {"uv": [0, 0, 1, 1], "texture": "#missing"},
				"west": {"uv": [0, 0, 5, 1], "texture": "#missing"},
				"up": {"uv": [0, 0, 5, 1], "rotation": 90, "texture": "#missing"},
				"down": {"uv": [9, 15, 8, 14], "rotation": 90, "texture": "#0"}
			}
		},
		{
			"from": [10.5, 1, 5.5],
			"to": [11.5, 5, 10.5],
			"rotation": {"angle": 0, "axis": "y", "origin": [11.5, 1, 5.5]},
			"faces": {
				"north": {"uv": [0, 0, 1, 1], "texture": "#missing"},
				"east": {"uv": [11, 10, 6, 14], "texture": "#0"},
				"south": {"uv": [0, 0, 1, 1], "texture": "#missing"},
				"west": {"uv": [0, 0, 5, 1], "texture": "#missing"},
				"up": {"uv": [0, 0, 5, 1], "rotation": 90, "texture": "#missing"},
				"down": {"uv": [11, 14, 6, 13], "rotation": 90, "texture": "#0"}
			}
		},
		{
			"from": [10.5, 5, 5.5],
			"to": [11.5, 7, 10.5],
			"rotation": {"angle": 0, "axis": "y", "origin": [11.5, 5, 5.5]},
			"faces": {
				"north": {"uv": [0, 0, 1, 1], "texture": "#missing"},
				"east": {"uv": [11, 8, 6, 10], "texture": "#0"},
				"south": {"uv": [0, 0, 1, 1], "texture": "#missing"},
				"west": {"uv": [0, 0, 5, 1], "texture": "#missing"},
				"up": {"uv": [6, 9, 11, 8], "rotation": 90, "texture": "#0"},
				"down": {"uv": [0, 0, 5, 1], "rotation": 270, "texture": "#missing"}
			}
		},
		{
			"from": [9.5, 7, 6.5],
			"to": [10.5, 9, 9.5],
			"rotation": {"angle": 0, "axis": "y", "origin": [10.5, 7, 5.5]},
			"faces": {
				"north": {"uv": [0, 0, 1, 1], "texture": "#missing"},
				"east": {"uv": [10, 6, 7, 8], "texture": "#0"},
				"south": {"uv": [0, 0, 1, 1], "texture": "#missing"},
				"west": {"uv": [0, 0, 5, 1], "texture": "#missing"},
				"up": {"uv": [7, 7, 10, 6], "rotation": 90, "texture": "#0"},
				"down": {"uv": [0, 0, 5, 1], "rotation": 270, "texture": "#missing"}
			}
		},
		{
			"from": [8.5, 9, 7.5],
			"to": [9.5, 15, 8.5],
			"rotation": {"angle": 0, "axis": "y", "origin": [9.5, 9, 5.5]},
			"faces": {
				"north": {"uv": [0, 0, 1, 1], "texture": "#missing"},
				"east": {"uv": [9, 0, 8, 6], "texture": "#0"},
				"south": {"uv": [0, 0, 1, 1], "texture": "#missing"},
				"west": {"uv": [0, 0, 5, 1], "texture": "#missing"},
				"up": {"uv": [9, 0, 8, 1], "texture": "#0"},
				"down": {"uv": [0, 0, 5, 1], "rotation": 270, "texture": "#missing"}
			}
		},
		{
			"from": [7.5, 14, 7.5],
			"to": [8.5, 15, 8.5],
			"rotation": {"angle": 0, "axis": "y", "origin": [8.5, 9, 5.5]},
			"faces": {
				"north": {"uv": [0, 0, 1, 1], "texture": "#missing"},
				"east": {"uv": [9, 0, 8, 1], "texture": "#0"},
				"south": {"uv": [0, 0, 1, 1], "texture": "#missing"},
				"west": {"uv": [0, 0, 5, 1], "texture": "#missing"},
				"up": {"uv": [9, 0, 8, 1], "texture": "#0"},
				"down": {"uv": [0, 0, 5, 1], "rotation": 270, "texture": "#missing"}
			}
		}
	],
	"groups": [
		{
			"name": "Side 1",
			"origin": [8, 8, 8],
			"color": 0,
			"children": [0, 1, 2, 3, 4, 5, 6, 7, 8, 9, 10, 11, 12, 13, 14, 15, 16, 17, 18, 19, 20, 21, 22]
		},
		{
			"name": "Side 2",
			"origin": [8, 8, 8],
			"color": 0,
			"children": [23, 24, 25, 26, 27, 28, 29]
		}
	]
}