{
	"credit": "Made with Blockbench",
	"textures": {
		"0": "vinery:item/bottle_mojang_noir",
		"particle": "vinery:item/bottle_mojang_noir"
	},
	"elements": [
		{
			"from": [5.5, 0, 5.5],
			"to": [10.5, 6, 6.5],
			"rotation": {"angle": 0, "axis": "y", "origin": [4.5, 0, 5.5]},
			"faces": {
				"north": {"uv": [5, 9, 10, 15], "texture": "#0"},
				"east": {"uv": [5, 9, 6, 15], "texture": "#0"},
				"south": {"uv": [0, 0, 1, 1], "texture": "#missing"},
				"west": {"uv": [10, 9, 9, 15], "texture": "#0"},
				"up": {"uv": [10, 9, 5, 10], "texture": "#0"},
				"down": {"uv": [10, 14, 5, 15], "texture": "#0"}
			}
		},
		{
			"from": [5.5, 0, 6.5],
			"to": [10.5, 1, 9.5],
			"rotation": {"angle": 0, "axis": "y", "origin": [4.5, 0, 5.5]},
			"faces": {
				"north": {"uv": [5, 9, 10, 15], "texture": "#0"},
				"east": {"uv": [5, 9, 6, 15], "texture": "#0"},
				"south": {"uv": [0, 0, 1, 1], "texture": "#missing"},
				"west": {"uv": [10, 9, 9, 15], "texture": "#0"},
				"up": {"uv": [10, 9, 5, 10], "texture": "#0"},
				"down": {"uv": [8, 14, 7, 15], "texture": "#0"}
			}
		},
		{
			"from": [5.5, 6, 5.5],
			"to": [10.5, 8, 6.5],
			"rotation": {"angle": 0, "axis": "y", "origin": [4.5, 6, 5.5]},
			"faces": {
				"north": {"uv": [5, 7, 10, 9], "texture": "#0"},
				"east": {"uv": [5, 7, 6, 9], "texture": "#0"},
				"south": {"uv": [0, 0, 1, 1], "texture": "#missing"},
				"west": {"uv": [9, 7, 10, 9], "texture": "#0"},
				"up": {"uv": [10, 7, 5, 8], "texture": "#0"},
				"down": {"uv": [0, 0, 1, 1], "texture": "#missing"}
			}
		},
		{
			"from": [6.5, 8, 6.5],
			"to": [9.5, 15, 7.5],
			"rotation": {"angle": 0, "axis": "y", "origin": [4.5, 8, 6.5]},
			"faces": {
				"north": {"uv": [6, 0, 9, 7], "texture": "#0"},
				"east": {"uv": [6, 0, 7, 7], "texture": "#0"},
				"south": {"uv": [0, 0, 1, 1], "texture": "#missing"},
				"west": {"uv": [9, 0, 8, 7], "texture": "#0"},
				"up": {"uv": [9, 0, 6, 1], "texture": "#0"},
				"down": {"uv": [0, 0, 1, 1], "texture": "#missing"}
			}
		},
		{
			"from": [6.5, 8, 8.5],
			"to": [9.5, 15, 9.5],
			"rotation": {"angle": 0, "axis": "y", "origin": [4.5, 8, 9.5]},
			"faces": {
				"north": {"uv": [1, 0, 0, 1], "texture": "#missing"},
				"east": {"uv": [9, 0, 8, 7], "texture": "#0"},
				"south": {"uv": [6, 0, 9, 7], "texture": "#0"},
				"west": {"uv": [7, 0, 6, 7], "texture": "#0"},
				"up": {"uv": [9, 0, 6, 1], "texture": "#0"},
				"down": {"uv": [0, 1, 1, 0], "texture": "#missing"}
			}
		},
		{
			"from": [5.5, 6, 9.5],
			"to": [10.5, 8, 10.5],
			"rotation": {"angle": 0, "axis": "y", "origin": [4.5, 6, 10.5]},
			"faces": {
				"north": {"uv": [1, 0, 0, 1], "texture": "#missing"},
				"east": {"uv": [6, 7, 5, 9], "texture": "#0"},
				"south": {"uv": [5, 7, 10, 9], "texture": "#0"},
				"west": {"uv": [5, 7, 6, 9], "texture": "#0"},
				"up": {"uv": [5, 8, 10, 7], "texture": "#0"},
				"down": {"uv": [0, 1, 1, 0], "texture": "#missing"}
			}
		},
		{
			"from": [5.5, 0, 9.5],
			"to": [10.5, 6, 10.5],
			"rotation": {"angle": 0, "axis": "y", "origin": [4.5, 0, 10.5]},
			"faces": {
				"north": {"uv": [1, 0, 0, 1], "texture": "#missing"},
				"east": {"uv": [10, 9, 9, 15], "texture": "#0"},
				"south": {"uv": [5, 9, 10, 15], "texture": "#0"},
				"west": {"uv": [6, 9, 5, 15], "texture": "#0"},
				"up": {"uv": [5, 10, 10, 9], "texture": "#0"},
				"down": {"uv": [5, 14, 10, 15], "texture": "#0"}
			}
		},
		{
			"from": [6.5, 0, 10.5],
			"to": [9.5, 6, 11.5],
			"rotation": {"angle": 0, "axis": "y", "origin": [4.5, 0, 11.5]},
			"faces": {
				"north": {"uv": [1, 0, 0, 1], "texture": "#missing"},
				"east": {"uv": [9, 9, 8, 15], "texture": "#0"},
				"south": {"uv": [6, 9, 9, 15], "texture": "#0"},
				"west": {"uv": [7, 9, 6, 15], "texture": "#0"},
				"up": {"uv": [6, 10, 9, 9], "texture": "#0"},
				"down": {"uv": [5, 14, 10, 15], "texture": "#0"}
			}
		},
		{
			"from": [6.5, 0, 4.5],
			"to": [9.5, 6, 5.5],
			"rotation": {"angle": 0, "axis": "y", "origin": [4.5, 0, 4.5]},
			"faces": {
				"north": {"uv": [6, 9, 9, 15], "texture": "#0"},
				"east": {"uv": [7, 9, 6, 15], "texture": "#0"},
				"south": {"uv": [0, 0, 1, 1], "texture": "#missing"},
				"west": {"uv": [8, 9, 9, 15], "texture": "#0"},
				"up": {"uv": [9, 9, 6, 10], "texture": "#0"},
				"down": {"uv": [5, 15, 10, 14], "texture": "#0"}
			}
		},
		{
			"from": [10.5, 0, 6.5],
			"to": [11.5, 6, 9.5],
			"rotation": {"angle": 0, "axis": "y", "origin": [11.5, 0, 4.5]},
			"faces": {
				"north": {"uv": [6, 9, 7, 15], "texture": "#0"},
				"east": {"uv": [9, 9, 6, 15], "texture": "#0"},
				"south": {"uv": [9, 9, 8, 15], "texture": "#0"},
				"west": {"uv": [0, 0, 1, 1], "texture": "#missing"},
				"up": {"uv": [6, 9, 9, 10], "rotation": 90, "texture": "#0"},
				"down": {"uv": [5, 15, 10, 14], "rotation": 90, "texture": "#0"}
			}
		},
		{
			"from": [9.5, 6, 6.5],
			"to": [10.5, 8, 9.5],
			"rotation": {"angle": 0, "axis": "y", "origin": [10.5, 6, 4.5]},
			"faces": {
				"north": {"uv": [0, 0, 1, 1], "texture": "#missing"},
				"east": {"uv": [9, 7, 6, 9], "texture": "#0"},
				"south": {"uv": [0, 0, 1, 1], "texture": "#missing"},
				"west": {"uv": [0, 0, 1, 1], "texture": "#missing"},
				"up": {"uv": [6, 8, 9, 7], "rotation": 90, "texture": "#0"},
				"down": {"uv": [0, 0, 1, 1], "rotation": 270, "texture": "#missing"}
			}
		},
		{
			"from": [8.5, 8, 7.5],
			"to": [9.5, 15, 8.5],
			"rotation": {"angle": 0, "axis": "y", "origin": [9.5, 8, 4.5]},
			"faces": {
				"north": {"uv": [0, 0, 1, 1], "texture": "#missing"},
				"east": {"uv": [8, 0, 7, 7], "texture": "#0"},
				"south": {"uv": [0, 0, 1, 1], "texture": "#missing"},
				"west": {"uv": [0, 0, 1, 1], "texture": "#missing"},
				"up": {"uv": [8, 0, 7, 1], "texture": "#0"},
				"down": {"uv": [0, 0, 1, 1], "rotation": 270, "texture": "#missing"}
			}
		},
		{
			"from": [7.5, 14, 7.5],
			"to": [8.5, 15, 8.5],
			"rotation": {"angle": 0, "axis": "y", "origin": [8.5, 8, 4.5]},
			"faces": {
				"north": {"uv": [0, 0, 1, 1], "texture": "#missing"},
				"east": {"uv": [8, 0, 7, 7], "texture": "#0"},
				"south": {"uv": [0, 0, 1, 1], "texture": "#missing"},
				"west": {"uv": [0, 0, 1, 1], "texture": "#missing"},
				"up": {"uv": [8, 0, 7, 1], "texture": "#0"},
				"down": {"uv": [0, 0, 1, 1], "rotation": 270, "texture": "#missing"}
			}
		},
		{
			"from": [4.5, 0, 6.5],
			"to": [5.5, 6, 9.5],
			"rotation": {"angle": 0, "axis": "y", "origin": [4.5, 0, 4.5]},
			"faces": {
				"north": {"uv": [9, 9, 8, 15], "texture": "#0"},
				"east": {"uv": [1, 0, 0, 1], "texture": "#missing"},
				"south": {"uv": [7, 9, 6, 15], "texture": "#0"},
				"west": {"uv": [9, 9, 6, 15], "texture": "#0"},
				"up": {"uv": [9, 10, 6, 9], "rotation": 90, "texture": "#0"},
				"down": {"uv": [5, 15, 10, 14], "rotation": 90, "texture": "#0"}
			}
		},
		{
			"from": [5.5, 6, 6.5],
			"to": [6.5, 8, 9.5],
			"rotation": {"angle": 0, "axis": "y", "origin": [5.5, 6, 4.5]},
			"faces": {
				"north": {"uv": [1, 0, 0, 1], "texture": "#missing"},
				"east": {"uv": [1, 0, 0, 1], "texture": "#missing"},
				"south": {"uv": [1, 0, 0, 1], "texture": "#missing"},
				"west": {"uv": [9, 7, 6, 9], "texture": "#0"},
				"up": {"uv": [9, 7, 6, 8], "rotation": 90, "texture": "#0"},
				"down": {"uv": [0, 1, 1, 0], "rotation": 270, "texture": "#missing"}
			}
		},
		{
			"from": [6.5, 8, 7.5],
			"to": [7.5, 15, 8.5],
			"rotation": {"angle": 0, "axis": "y", "origin": [6.5, 8, 4.5]},
			"faces": {
				"north": {"uv": [1, 0, 0, 1], "texture": "#missing"},
				"east": {"uv": [1, 0, 0, 1], "texture": "#missing"},
				"south": {"uv": [1, 0, 0, 1], "texture": "#missing"},
				"west": {"uv": [8, 0, 7, 7], "texture": "#0"},
				"up": {"uv": [8, 0, 7, 1], "texture": "#0"},
				"down": {"uv": [0, 1, 1, 0], "rotation": 270, "texture": "#missing"}
			}
		}
	]
}