{
	"credit": "Made with Blockbench",
	"textures": {
		"0": "vinery:item/chenet_wine",
		"particle": "vinery:item/chenet_wine"
	},
	"elements": [
		{
			"from": [5.5, 0, 5.5],
			"to": [10.5, 1, 6.5],
			"rotation": {"angle": 0, "axis": "y", "origin": [4.5, 0, 5.5]},
			"faces": {
				"north": {"uv": [5, 14, 10, 15], "texture": "#0"},
				"east": {"uv": [6, 14, 5, 15], "texture": "#0"},
				"south": {"uv": [0, 0, 1, 1], "texture": "#missing"},
				"west": {"uv": [9, 14, 10, 15], "texture": "#0"},
				"up": {"uv": [0, 0, 1, 1], "texture": "#missing"},
				"down": {"uv": [10, 14, 5, 15], "texture": "#0"}
			}
		},
		{
			"from": [5.5, 0, 6.5],
			"to": [6.5, 1, 9.5],
			"rotation": {"angle": 0, "axis": "y", "origin": [5.5, 0, 11.5]},
			"faces": {
				"north": {"uv": [0, 0, 1, 1], "texture": "#missing"},
				"east": {"uv": [0, 0, 1, 1], "texture": "#missing"},
				"south": {"uv": [0, 0, 1, 1], "texture": "#missing"},
				"west": {"uv": [9, 14, 6, 15], "texture": "#0"},
				"up": {"uv": [1, 1, 0, 0], "rotation": 90, "texture": "#missing"},
				"down": {"uv": [6, 15, 9, 14], "texture": "#0"}
			}
		},
		{
			"from": [4.5, 1, 5.5],
			"to": [5.5, 5, 10.5],
			"rotation": {"angle": 0, "axis": "y", "origin": [4.5, 1, 11.5]},
			"faces": {
				"north": {"uv": [0, 0, 1, 1], "texture": "#missing"},
				"east": {"uv": [0, 0, 1, 1], "texture": "#missing"},
				"south": {"uv": [0, 0, 1, 1], "texture": "#missing"},
				"west": {"uv": [10, 10, 5, 14], "texture": "#0"},
				"up": {"uv": [10, 10, 5, 11], "rotation": 90, "texture": "#0"},
				"down": {"uv": [5, 13, 10, 14], "rotation": 90, "texture": "#0"}
			}
		},
		{
			"from": [5.5, 5, 6.5],
			"to": [6.5, 7, 9.5],
			"rotation": {"angle": 0, "axis": "y", "origin": [5.5, 5, 11.5]},
			"faces": {
				"north": {"uv": [0, 0, 1, 1], "texture": "#missing"},
				"east": {"uv": [0, 0, 1, 1], "texture": "#missing"},
				"south": {"uv": [0, 0, 1, 1], "texture": "#missing"},
				"west": {"uv": [9, 8, 6, 10], "texture": "#0"},
				"up": {"uv": [9, 8, 6, 9], "rotation": 90, "texture": "#0"},
				"down": {"uv": [1, 1, 0, 0], "rotation": 270, "texture": "#missing"}
			}
		},
		{
			"from": [6.5, 7, 7.5],
			"to": [7.5, 8, 8.5],
			"rotation": {"angle": 0, "axis": "y", "origin": [6.5, 7, 11.5]},
			"faces": {
				"north": {"uv": [0, 0, 1, 1], "texture": "#missing"},
				"east": {"uv": [0, 0, 1, 1], "texture": "#missing"},
				"south": {"uv": [0, 0, 1, 1], "texture": "#missing"},
				"west": {"uv": [8, 7, 7, 8], "texture": "#0"},
				"up": {"uv": [1, 1, 0, 0], "rotation": 90, "texture": "#missing"},
				"down": {"uv": [1, 1, 0, 0], "rotation": 270, "texture": "#missing"}
			}
		},
		{
			"from": [6.5, 8, 7.5],
			"to": [7.5, 10, 8.5],
			"rotation": {"angle": 0, "axis": "y", "origin": [6.5, 8, 11.5]},
			"faces": {
				"north": {"uv": [0, 0, 1, 1], "texture": "#missing"},
				"east": {"uv": [0, 0, 1, 1], "texture": "#missing"},
				"south": {"uv": [0, 0, 1, 1], "texture": "#missing"},
				"west": {"uv": [8, 5, 7, 7], "texture": "#0"},
				"up": {"uv": [1, 1, 0, 0], "rotation": 90, "texture": "#missing"},
				"down": {"uv": [1, 1, 0, 0], "rotation": 270, "texture": "#missing"}
			}
		},
		{
			"from": [5.5, 10, 6.5],
			"to": [6.5, 12, 9.5],
			"rotation": {"angle": 0, "axis": "y", "origin": [5.5, 10, 11.5]},
			"faces": {
				"north": {"uv": [0, 0, 1, 1], "texture": "#missing"},
				"east": {"uv": [0, 0, 1, 1], "texture": "#missing"},
				"south": {"uv": [0, 0, 1, 1], "texture": "#missing"},
				"west": {"uv": [9, 3, 6, 5], "texture": "#0"},
				"up": {"uv": [6, 4, 9, 3], "texture": "#0"},
				"down": {"uv": [6, 4, 9, 5], "rotation": 90, "texture": "#0"}
			}
		},
		{
			"from": [6.5, 12, 7.5],
			"to": [7.5, 13, 8.5],
			"rotation": {"angle": 0, "axis": "y", "origin": [6.5, 12, 11.5]},
			"faces": {
				"north": {"uv": [0, 0, 1, 1], "texture": "#missing"},
				"east": {"uv": [0, 0, 1, 1], "texture": "#missing"},
				"south": {"uv": [0, 0, 1, 1], "texture": "#missing"},
				"west": {"uv": [8, 2, 7, 3], "texture": "#0"},
				"up": {"uv": [7, 3, 8, 2], "texture": "#0"},
				"down": {"uv": [1, 1, 0, 0], "rotation": 270, "texture": "#missing"}
			}
		},
		{
			"from": [6.5, 12, 8.5],
			"to": [9.5, 13, 9.5],
			"rotation": {"angle": 0, "axis": "y", "origin": [11.5, 12, 9.5]},
			"faces": {
				"north": {"uv": [0, 0, 1, 1], "texture": "#missing"},
				"east": {"uv": [8, 2, 9, 3], "texture": "#0"},
				"south": {"uv": [6, 2, 9, 3], "texture": "#0"},
				"west": {"uv": [8, 2, 7, 3], "texture": "#0"},
				"up": {"uv": [6, 3, 9, 2], "texture": "#0"},
				"down": {"uv": [1, 1, 0, 0], "texture": "#missing"}
			}
		},
		{
			"from": [5.5, 10, 9.5],
			"to": [10.5, 12, 10.5],
			"rotation": {"angle": 0, "axis": "y", "origin": [11.5, 10, 10.5]},
			"faces": {
				"north": {"uv": [0, 0, 1, 1], "texture": "#missing"},
				"east": {"uv": [9, 3, 10, 5], "texture": "#0"},
				"south": {"uv": [5, 3, 10, 5], "texture": "#0"},
				"west": {"uv": [5, 3, 6, 5], "texture": "#0"},
				"up": {"uv": [10, 4, 5, 3], "texture": "#0"},
				"down": {"uv": [5, 5, 10, 4], "texture": "#0"}
			}
		},
		{
			"from": [6.5, 8, 8.5],
			"to": [7.5, 10, 9.5],
			"rotation": {"angle": 0, "axis": "y", "origin": [10.5, 8, 9.5]},
			"faces": {
				"north": {"uv": [0, 0, 1, 1], "texture": "#missing"},
				"east": {"uv": [0, 0, 1, 1], "texture": "#missing"},
				"south": {"uv": [9, 8, 7, 9], "rotation": 90, "texture": "#0"},
				"west": {"uv": [9, 8, 7, 9], "rotation": 90, "texture": "#0"},
				"up": {"uv": [1, 1, 0, 0], "texture": "#missing"},
				"down": {"uv": [1, 1, 0, 0], "texture": "#missing"}
			}
		},
		{
			"from": [8.5, 8, 8.5],
			"to": [9.5, 10, 9.5],
			"rotation": {"angle": 0, "axis": "y", "origin": [12.5, 8, 9.5]},
			"faces": {
				"north": {"uv": [0, 0, 1, 1], "texture": "#missing"},
				"east": {"uv": [7, 7, 9, 8], "rotation": 90, "texture": "#0"},
				"south": {"uv": [7, 7, 9, 8], "rotation": 90, "texture": "#0"},
				"west": {"uv": [0, 0, 1, 1], "texture": "#missing"},
				"up": {"uv": [1, 1, 0, 0], "texture": "#missing"},
				"down": {"uv": [1, 1, 0, 0], "texture": "#missing"}
			}
		},
		{
			"from": [7.5, 8, 8.5],
			"to": [8.5, 10, 9.5],
			"rotation": {"angle": 0, "axis": "y", "origin": [11.5, 8, 9.5]},
			"faces": {
				"north": {"uv": [0, 0, 1, 1], "texture": "#missing"},
				"east": {"uv": [0, 0, 1, 1], "texture": "#missing"},
				"south": {"uv": [7, 5, 8, 7], "texture": "#0"},
				"west": {"uv": [0, 0, 1, 1], "texture": "#missing"},
				"up": {"uv": [1, 1, 0, 0], "texture": "#missing"},
				"down": {"uv": [1, 1, 0, 0], "texture": "#missing"}
			}
		},
		{
			"from": [6.5, 7, 8.5],
			"to": [9.5, 8, 9.5],
			"rotation": {"angle": 0, "axis": "y", "origin": [11.5, 7, 9.5]},
			"faces": {
				"north": {"uv": [0, 0, 1, 1], "texture": "#missing"},
				"east": {"uv": [8, 7, 9, 8], "rotation": 90, "texture": "#0"},
				"south": {"uv": [6, 7, 9, 8], "texture": "#0"},
				"west": {"uv": [6, 7, 7, 8], "texture": "#0"},
				"up": {"uv": [1, 1, 0, 0], "texture": "#missing"},
				"down": {"uv": [1, 1, 0, 0], "texture": "#missing"}
			}
		},
		{
			"from": [5.5, 5, 9.5],
			"to": [10.5, 7, 10.5],
			"rotation": {"angle": 0, "axis": "y", "origin": [11.5, 5, 10.5]},
			"faces": {
				"north": {"uv": [0, 0, 1, 1], "texture": "#missing"},
				"east": {"uv": [9, 8, 10, 10], "texture": "#0"},
				"south": {"uv": [5, 8, 10, 10], "texture": "#0"},
				"west": {"uv": [5, 8, 6, 10], "texture": "#0"},
				"up": {"uv": [5, 9, 10, 8], "texture": "#0"},
				"down": {"uv": [1, 1, 0, 0], "texture": "#missing"}
			}
		},
		{
			"from": [4.5, 1, 10.5],
			"to": [11.5, 5, 11.5],
			"rotation": {"angle": 0, "axis": "y", "origin": [11.5, 1, 11.5]},
			"faces": {
				"north": {"uv": [0, 0, 1, 1], "texture": "#missing"},
				"east": {"uv": [10, 10, 11, 14], "texture": "#0"},
				"south": {"uv": [4, 10, 11, 14], "texture": "#0"},
				"west": {"uv": [4, 10, 5, 14], "texture": "#0"},
				"up": {"uv": [4, 11, 11, 10], "texture": "#0"},
				"down": {"uv": [4, 14, 11, 13], "texture": "#0"}
			}
		},
		{
			"from": [5.5, 0, 9.5],
			"to": [10.5, 1, 10.5],
			"rotation": {"angle": 0, "axis": "y", "origin": [11.5, 0, 10.5]},
			"faces": {
				"north": {"uv": [0, 0, 1, 1], "texture": "#missing"},
				"east": {"uv": [9, 14, 10, 15], "texture": "#0"},
				"south": {"uv": [5, 14, 10, 15], "texture": "#0"},
				"west": {"uv": [6, 14, 5, 15], "texture": "#0"},
				"up": {"uv": [1, 1, 0, 0], "texture": "#missing"},
				"down": {"uv": [5, 15, 10, 14], "texture": "#0"}
			}
		},
		{
			"from": [4.5, 1, 4.5],
			"to": [11.5, 5, 5.5],
			"rotation": {"angle": 0, "axis": "y", "origin": [4.5, 1, 4.5]},
			"faces": {
				"north": {"uv": [4, 10, 11, 14], "texture": "#0"},
				"east": {"uv": [4, 10, 5, 14], "texture": "#0"},
				"south": {"uv": [0, 0, 1, 1], "texture": "#missing"},
				"west": {"uv": [10, 10, 11, 14], "texture": "#0"},
				"up": {"uv": [11, 10, 4, 11], "texture": "#0"},
				"down": {"uv": [11, 13, 4, 14], "texture": "#0"}
			}
		},
		{
			"from": [5.5, 5, 5.5],
			"to": [10.5, 7, 6.5],
			"rotation": {"angle": 0, "axis": "y", "origin": [4.5, 5, 5.5]},
			"faces": {
				"north": {"uv": [5, 8, 10, 10], "texture": "#0"},
				"east": {"uv": [5, 8, 6, 10], "texture": "#0"},
				"south": {"uv": [0, 0, 1, 1], "texture": "#missing"},
				"west": {"uv": [9, 8, 10, 10], "texture": "#0"},
				"up": {"uv": [10, 8, 5, 9], "texture": "#0"},
				"down": {"uv": [0, 0, 1, 1], "texture": "#missing"}
			}
		},
		{
			"from": [6.5, 7, 6.5],
			"to": [9.5, 8, 7.5],
			"rotation": {"angle": 0, "axis": "y", "origin": [4.5, 7, 6.5]},
			"faces": {
				"north": {"uv": [6, 7, 9, 8], "texture": "#0"},
				"east": {"uv": [6, 7, 7, 8], "texture": "#0"},
				"south": {"uv": [0, 0, 1, 1], "texture": "#missing"},
				"west": {"uv": [8, 7, 9, 8], "rotation": 90, "texture": "#0"},
				"up": {"uv": [0, 0, 1, 1], "texture": "#missing"},
				"down": {"uv": [0, 0, 1, 1], "texture": "#missing"}
			}
		},
		{
			"from": [7.5, 8, 6.5],
			"to": [8.5, 10, 7.5],
			"rotation": {"angle": 0, "axis": "y", "origin": [4.5, 8, 6.5]},
			"faces": {
				"north": {"uv": [7, 5, 8, 7], "texture": "#0"},
				"east": {"uv": [0, 0, 1, 1], "texture": "#missing"},
				"south": {"uv": [0, 0, 1, 1], "texture": "#missing"},
				"west": {"uv": [0, 0, 1, 1], "texture": "#missing"},
				"up": {"uv": [0, 0, 1, 1], "texture": "#missing"},
				"down": {"uv": [0, 0, 1, 1], "texture": "#missing"}
			}
		},
		{
			"from": [5.5, 10, 5.5],
			"to": [10.5, 12, 6.5],
			"rotation": {"angle": 0, "axis": "y", "origin": [4.5, 10, 5.5]},
			"faces": {
				"north": {"uv": [5, 3, 10, 5], "texture": "#0"},
				"east": {"uv": [5, 3, 6, 5], "texture": "#0"},
				"south": {"uv": [0, 0, 1, 1], "texture": "#missing"},
				"west": {"uv": [9, 3, 10, 5], "texture": "#0"},
				"up": {"uv": [5, 3, 10, 4], "texture": "#0"},
				"down": {"uv": [10, 4, 5, 5], "texture": "#0"}
			}
		},
		{
			"from": [6.5, 12, 6.5],
			"to": [9.5, 13, 7.5],
			"rotation": {"angle": 0, "axis": "y", "origin": [4.5, 12, 6.5]},
			"faces": {
				"north": {"uv": [6, 2, 9, 3], "texture": "#0"},
				"east": {"uv": [8, 2, 7, 3], "texture": "#0"},
				"south": {"uv": [0, 0, 1, 1], "texture": "#missing"},
				"west": {"uv": [8, 2, 9, 3], "texture": "#0"},
				"up": {"uv": [9, 2, 6, 3], "texture": "#0"},
				"down": {"uv": [0, 0, 1, 1], "texture": "#missing"}
			}
		},
		{
			"from": [8.5, 8, 6.5],
			"to": [9.5, 10, 7.5],
			"rotation": {"angle": 0, "axis": "y", "origin": [5.5, 8, 6.5]},
			"faces": {
				"north": {"uv": [9, 8, 7, 9], "rotation": 90, "texture": "#0"},
				"east": {"uv": [9, 8, 7, 9], "rotation": 90, "texture": "#0"},
				"south": {"uv": [0, 0, 1, 1], "texture": "#missing"},
				"west": {"uv": [0, 0, 1, 1], "texture": "#missing"},
				"up": {"uv": [0, 0, 1, 1], "texture": "#missing"},
				"down": {"uv": [0, 0, 1, 1], "texture": "#missing"}
			}
		},
		{
			"from": [6.5, 8, 6.5],
			"to": [7.5, 10, 7.5],
			"rotation": {"angle": 0, "axis": "y", "origin": [3.5, 8, 6.5]},
			"faces": {
				"north": {"uv": [7, 7, 9, 8], "rotation": 90, "texture": "#0"},
				"east": {"uv": [0, 0, 1, 1], "texture": "#missing"},
				"south": {"uv": [0, 0, 1, 1], "texture": "#missing"},
				"west": {"uv": [7, 7, 9, 8], "rotation": 90, "texture": "#0"},
				"up": {"uv": [0, 0, 1, 1], "texture": "#missing"},
				"down": {"uv": [0, 0, 1, 1], "texture": "#missing"}
			}
		},
		{
			"from": [6.5, 0, 6.5],
			"to": [10.5, 1, 9.5],
			"rotation": {"angle": 0, "axis": "y", "origin": [10.5, 0, 4.5]},
			"faces": {
				"north": {"uv": [0, 0, 1, 1], "texture": "#missing"},
				"east": {"uv": [9, 14, 6, 15], "texture": "#0"},
				"south": {"uv": [0, 0, 1, 1], "texture": "#missing"},
				"west": {"uv": [0, 0, 1, 1], "texture": "#missing"},
				"up": {"uv": [0, 0, 1, 1], "rotation": 90, "texture": "#missing"},
				"down": {"uv": [9, 14, 6, 15], "texture": "#0"}
			}
		},
		{
			"from": [10.5, 1, 5.5],
			"to": [11.5, 5, 10.5],
			"rotation": {"angle": 0, "axis": "y", "origin": [11.5, 1, 4.5]},
			"faces": {
				"north": {"uv": [0, 0, 1, 1], "texture": "#missing"},
				"east": {"uv": [10, 10, 5, 14], "texture": "#0"},
				"south": {"uv": [0, 0, 1, 1], "texture": "#missing"},
				"west": {"uv": [0, 0, 1, 1], "texture": "#missing"},
				"up": {"uv": [5, 11, 10, 10], "rotation": 90, "texture": "#0"},
				"down": {"uv": [10, 14, 5, 13], "rotation": 90, "texture": "#0"}
			}
		},
		{
			"from": [9.5, 5, 6.5],
			"to": [10.5, 7, 9.5],
			"rotation": {"angle": 0, "axis": "y", "origin": [10.5, 5, 4.5]},
			"faces": {
				"north": {"uv": [0, 0, 1, 1], "texture": "#missing"},
				"east": {"uv": [9, 8, 6, 10], "texture": "#0"},
				"south": {"uv": [0, 0, 1, 1], "texture": "#missing"},
				"west": {"uv": [0, 0, 1, 1], "texture": "#missing"},
				"up": {"uv": [6, 9, 9, 8], "rotation": 90, "texture": "#0"},
				"down": {"uv": [0, 0, 1, 1], "rotation": 270, "texture": "#missing"}
			}
		},
		{
			"from": [8.5, 7, 7.5],
			"to": [9.5, 8, 8.5],
			"rotation": {"angle": 0, "axis": "y", "origin": [9.5, 7, 4.5]},
			"faces": {
				"north": {"uv": [0, 0, 1, 1], "texture": "#missing"},
				"east": {"uv": [8, 7, 7, 8], "texture": "#0"},
				"south": {"uv": [0, 0, 1, 1], "texture": "#missing"},
				"west": {"uv": [0, 0, 1, 1], "texture": "#missing"},
				"up": {"uv": [0, 0, 1, 1], "rotation": 90, "texture": "#missing"},
				"down": {"uv": [0, 0, 1, 1], "rotation": 270, "texture": "#missing"}
			}
		},
		{
			"from": [8.5, 8, 7.5],
			"to": [9.5, 10, 8.5],
			"rotation": {"angle": 0, "axis": "y", "origin": [9.5, 8, 4.5]},
			"faces": {
				"north": {"uv": [0, 0, 1, 1], "texture": "#missing"},
				"east": {"uv": [8, 5, 7, 7], "texture": "#0"},
				"south": {"uv": [0, 0, 1, 1], "texture": "#missing"},
				"west": {"uv": [0, 0, 1, 1], "texture": "#missing"},
				"up": {"uv": [0, 0, 1, 1], "rotation": 90, "texture": "#missing"},
				"down": {"uv": [0, 0, 1, 1], "rotation": 270, "texture": "#missing"}
			}
		},
		{
			"from": [9.5, 10, 6.5],
			"to": [10.5, 12, 9.5],
			"rotation": {"angle": 0, "axis": "y", "origin": [10.5, 10, 4.5]},
			"faces": {
				"north": {"uv": [0, 0, 1, 1], "texture": "#missing"},
				"east": {"uv": [9, 3, 6, 5], "texture": "#0"},
				"south": {"uv": [0, 0, 1, 1], "texture": "#missing"},
				"west": {"uv": [0, 0, 1, 1], "texture": "#missing"},
				"up": {"uv": [9, 3, 6, 4], "texture": "#0"},
				"down": {"uv": [9, 5, 6, 4], "rotation": 90, "texture": "#0"}
			}
		},
		{
			"from": [8.5, 12, 7.5],
			"to": [9.5, 13, 8.5],
			"rotation": {"angle": 0, "axis": "y", "origin": [9.5, 12, 4.5]},
			"faces": {
				"north": {"uv": [0, 0, 1, 1], "texture": "#missing"},
				"east": {"uv": [8, 2, 7, 3], "texture": "#0"},
				"south": {"uv": [0, 0, 1, 1], "texture": "#missing"},
				"west": {"uv": [0, 0, 1, 1], "texture": "#missing"},
				"up": {"uv": [8, 2, 7, 3], "texture": "#0"},
				"down": {"uv": [0, 0, 1, 1], "rotation": 270, "texture": "#missing"}
			}
		},
		{
			"from": [7.5, 12, 7.5],
			"to": [8.5, 13, 8.5],
			"rotation": {"angle": 0, "axis": "y", "origin": [8.5, 12, 4.5]},
			"faces": {
				"north": {"uv": [0, 0, 1, 1], "texture": "#missing"},
				"east": {"uv": [8, 2, 7, 3], "texture": "#0"},
				"south": {"uv": [0, 0, 1, 1], "texture": "#missing"},
				"west": {"uv": [0, 0, 1, 1], "texture": "#missing"},
				"up": {"uv": [8, 2, 7, 3], "texture": "#0"},
				"down": {"uv": [0, 0, 1, 1], "rotation": 270, "texture": "#missing"}
			}
		}
	]
}