{
	"credit": "Made with Blockbench",
	"textures": {
		"0": "vinery:item/jo_special_mixture",
		"particle": "vinery:item/jo_special_mixture"
	},
	"elements": [
		{
			"from": [6.5, 0, 6.5],
			"to": [9.5, 1, 7.5],
			"rotation": {"angle": 0, "axis": "y", "origin": [6.5, 0, 6.5]},
			"faces": {
				"north": {"uv": [7, 14, 10, 15], "texture": "#0"},
				"east": {"uv": [7, 14, 8, 15], "texture": "#0"},
				"south": {"uv": [0, 0, 1, 1], "texture": "#missing"},
				"west": {"uv": [9, 14, 10, 15], "texture": "#0"},
				"up": {"uv": [0, 0, 1, 1], "texture": "#missing"},
				"down": {"uv": [10, 14, 7, 15], "texture": "#0"}
			}
		},
		{
			"from": [5.5, 1, 5.5],
			"to": [10.5, 2, 6.5],
			"rotation": {"angle": 0, "axis": "y", "origin": [6.5, 1, 5.5]},
			"faces": {
				"north": {"uv": [6, 13, 11, 14], "texture": "#0"},
				"east": {"uv": [7, 14, 8, 15], "texture": "#0"},
				"south": {"uv": [0, 0, 1, 1], "texture": "#missing"},
				"west": {"uv": [10, 13, 11, 14], "texture": "#0"},
				"up": {"uv": [0, 0, 1, 1], "texture": "#missing"},
				"down": {"uv": [11, 13, 6, 14], "texture": "#0"}
			}
		},
		{
			"from": [4.5, 2, 4.5],
			"to": [11.5, 3, 5.5],
			"rotation": {"angle": 0, "axis": "y", "origin": [6.5, 2, 4.5]},
			"faces": {
				"north": {"uv": [5, 12, 12, 13], "texture": "#0"},
				"east": {"uv": [5, 12, 6, 13], "texture": "#0"},
				"south": {"uv": [0, 0, 1, 1], "texture": "#missing"},
				"west": {"uv": [11, 12, 12, 13], "texture": "#0"},
				"up": {"uv": [0, 0, 1, 1], "texture": "#missing"},
				"down": {"uv": [12, 12, 5, 13], "texture": "#0"}
			}
		},
		{
			"from": [3.5, 3, 3.5],
			"to": [12.5, 4, 4.5],
			"rotation": {"angle": 0, "axis": "y", "origin": [6.5, 3, 3.5]},
			"faces": {
				"north": {"uv": [4, 11, 13, 12], "texture": "#0"},
				"east": {"uv": [5, 12, 6, 13], "texture": "#0"},
				"south": {"uv": [0, 0, 1, 1], "texture": "#missing"},
				"west": {"uv": [5, 12, 6, 13], "texture": "#0"},
				"up": {"uv": [0, 0, 1, 1], "texture": "#missing"},
				"down": {"uv": [13, 11, 4, 12], "texture": "#0"}
			}
		},
		{
			"from": [2.5, 4, 2.5],
			"to": [13.5, 8, 3.5],
			"rotation": {"angle": 0, "axis": "y", "origin": [6.5, 4, 2.5]},
			"faces": {
				"north": {"uv": [3, 7, 14, 11], "texture": "#0"},
				"east": {"uv": [3, 7, 4, 11], "texture": "#0"},
				"south": {"uv": [0, 0, 1, 1], "texture": "#missing"},
				"west": {"uv": [13, 7, 14, 11], "texture": "#0"},
				"up": {"uv": [14, 7, 3, 8], "texture": "#0"},
				"down": {"uv": [14, 10, 3, 11], "texture": "#0"}
			}
		},
		{
			"from": [3.5, 8, 3.5],
			"to": [12.5, 9, 4.5],
			"rotation": {"angle": 0, "axis": "y", "origin": [6.5, 8, 3.5]},
			"faces": {
				"north": {"uv": [4, 6, 13, 7], "texture": "#0"},
				"east": {"uv": [4, 6, 5, 7], "texture": "#0"},
				"south": {"uv": [0, 0, 1, 1], "texture": "#missing"},
				"west": {"uv": [12, 6, 13, 7], "texture": "#0"},
				"up": {"uv": [13, 6, 4, 7], "texture": "#0"},
				"down": {"uv": [0, 0, 1, 1], "texture": "#missing"}
			}
		},
		{
			"from": [6.5, 9, 6.5],
			"to": [9.5, 10, 7.5],
			"rotation": {"angle": 0, "axis": "y", "origin": [6.5, 9, 6.5]},
			"faces": {
				"north": {"uv": [7, 5, 10, 6], "texture": "#0"},
				"east": {"uv": [7, 5, 8, 6], "texture": "#0"},
				"south": {"uv": [0, 0, 1, 1], "texture": "#missing"},
				"west": {"uv": [9, 5, 10, 6], "texture": "#0"},
				"up": {"uv": [0, 0, 1, 1], "texture": "#missing"},
				"down": {"uv": [0, 0, 1, 1], "texture": "#missing"}
			}
		},
		{
			"from": [5.5, 10, 5.5],
			"to": [10.5, 12, 6.5],
			"rotation": {"angle": 0, "axis": "y", "origin": [6.5, 10, 5.5]},
			"faces": {
				"north": {"uv": [6, 3, 11, 5], "texture": "#0"},
				"east": {"uv": [6, 3, 7, 5], "texture": "#0"},
				"south": {"uv": [0, 0, 1, 1], "texture": "#missing"},
				"west": {"uv": [10, 3, 11, 5], "texture": "#0"},
				"up": {"uv": [11, 3, 6, 4], "texture": "#0"},
				"down": {"uv": [11, 4, 6, 5], "texture": "#0"}
			}
		},
		{
			"from": [6.5, 12, 6.5],
			"to": [9.5, 13, 7.5],
			"rotation": {"angle": 0, "axis": "y", "origin": [6.5, 12, 6.5]},
			"faces": {
				"north": {"uv": [7, 2, 10, 3], "texture": "#0"},
				"east": {"uv": [7, 2, 8, 3], "texture": "#0"},
				"south": {"uv": [0, 0, 1, 1], "texture": "#missing"},
				"west": {"uv": [8, 1, 9, 2], "texture": "#0"},
				"up": {"uv": [10, 2, 7, 3], "texture": "#0"},
				"down": {"uv": [0, 0, 1, 1], "texture": "#missing"}
			}
		},
		{
			"from": [8.5, 0, 7.5],
			"to": [9.5, 1, 8.5],
			"rotation": {"angle": 0, "axis": "y", "origin": [9.5, 0, 6.5]},
			"faces": {
				"north": {"uv": [0, 0, 1, 1], "texture": "#missing"},
				"east": {"uv": [9, 14, 8, 15], "texture": "#0"},
				"south": {"uv": [0, 0, 1, 1], "texture": "#missing"},
				"west": {"uv": [0, 0, 1, 1], "texture": "#missing"},
				"up": {"uv": [0, 0, 1, 1], "rotation": 90, "texture": "#missing"},
				"down": {"uv": [9, 14, 8, 15], "texture": "#0"}
			}
		},
		{
			"from": [7.5, 0, 7.5],
			"to": [8.5, 1, 8.5],
			"rotation": {"angle": 0, "axis": "y", "origin": [8.5, 0, 6.5]},
			"faces": {
				"north": {"uv": [0, 0, 1, 1], "texture": "#missing"},
				"east": {"uv": [9, 14, 8, 15], "texture": "#0"},
				"south": {"uv": [0, 0, 1, 1], "texture": "#missing"},
				"west": {"uv": [0, 0, 1, 1], "texture": "#missing"},
				"up": {"uv": [0, 0, 1, 1], "rotation": 90, "texture": "#missing"},
				"down": {"uv": [9, 14, 8, 15], "texture": "#0"}
			}
		},
		{
			"from": [9.5, 1, 6.5],
			"to": [10.5, 2, 9.5],
			"rotation": {"angle": 0, "axis": "y", "origin": [10.5, 1, 6.5]},
			"faces": {
				"north": {"uv": [0, 0, 1, 1], "texture": "#missing"},
				"east": {"uv": [10, 13, 7, 14], "texture": "#0"},
				"south": {"uv": [0, 0, 1, 1], "texture": "#missing"},
				"west": {"uv": [0, 0, 1, 1], "texture": "#missing"},
				"up": {"uv": [0, 0, 1, 1], "rotation": 90, "texture": "#missing"},
				"down": {"uv": [10, 14, 7, 13], "rotation": 90, "texture": "#0"}
			}
		},
		{
			"from": [10.5, 2, 5.5],
			"to": [11.5, 3, 10.5],
			"rotation": {"angle": 0, "axis": "y", "origin": [11.5, 2, 6.5]},
			"faces": {
				"north": {"uv": [0, 0, 1, 1], "texture": "#missing"},
				"east": {"uv": [11, 12, 6, 13], "texture": "#0"},
				"south": {"uv": [0, 0, 1, 1], "texture": "#missing"},
				"west": {"uv": [0, 0, 1, 1], "texture": "#missing"},
				"up": {"uv": [0, 0, 1, 1], "rotation": 90, "texture": "#missing"},
				"down": {"uv": [11, 13, 6, 12], "rotation": 90, "texture": "#0"}
			}
		},
		{
			"from": [11.5, 3, 4.5],
			"to": [12.5, 4, 11.5],
			"rotation": {"angle": 0, "axis": "y", "origin": [12.5, 3, 6.5]},
			"faces": {
				"north": {"uv": [0, 0, 1, 1], "texture": "#missing"},
				"east": {"uv": [12, 11, 5, 12], "texture": "#0"},
				"south": {"uv": [0, 0, 1, 1], "texture": "#missing"},
				"west": {"uv": [0, 0, 1, 1], "texture": "#missing"},
				"up": {"uv": [0, 0, 1, 1], "rotation": 90, "texture": "#missing"},
				"down": {"uv": [12, 12, 5, 11], "rotation": 90, "texture": "#0"}
			}
		},
		{
			"from": [12.5, 4, 3.5],
			"to": [13.5, 8, 12.5],
			"rotation": {"angle": 0, "axis": "y", "origin": [13.5, 4, 6.5]},
			"faces": {
				"north": {"uv": [0, 0, 1, 1], "texture": "#missing"},
				"east": {"uv": [13, 7, 4, 11], "texture": "#0"},
				"south": {"uv": [0, 0, 1, 1], "texture": "#missing"},
				"west": {"uv": [0, 0, 1, 1], "texture": "#missing"},
				"up": {"uv": [4, 8, 13, 7], "rotation": 90, "texture": "#0"},
				"down": {"uv": [13, 11, 4, 10], "rotation": 90, "texture": "#0"}
			}
		},
		{
			"from": [11.5, 8, 4.5],
			"to": [12.5, 9, 11.5],
			"rotation": {"angle": 0, "axis": "y", "origin": [12.5, 8, 6.5]},
			"faces": {
				"north": {"uv": [0, 0, 1, 1], "texture": "#missing"},
				"east": {"uv": [12, 6, 5, 7], "texture": "#0"},
				"south": {"uv": [0, 0, 1, 1], "texture": "#missing"},
				"west": {"uv": [0, 0, 1, 1], "texture": "#missing"},
				"up": {"uv": [5, 7, 12, 6], "rotation": 90, "texture": "#0"},
				"down": {"uv": [0, 0, 1, 1], "rotation": 270, "texture": "#missing"}
			}
		},
		{
			"from": [8.5, 9, 7.5],
			"to": [9.5, 10, 8.5],
			"rotation": {"angle": 0, "axis": "y", "origin": [9.5, 9, 6.5]},
			"faces": {
				"north": {"uv": [0, 0, 1, 1], "texture": "#missing"},
				"east": {"uv": [9, 5, 8, 6], "texture": "#0"},
				"south": {"uv": [0, 0, 1, 1], "texture": "#missing"},
				"west": {"uv": [0, 0, 1, 1], "texture": "#missing"},
				"up": {"uv": [0, 0, 1, 1], "rotation": 90, "texture": "#missing"},
				"down": {"uv": [0, 0, 1, 1], "rotation": 270, "texture": "#missing"}
			}
		},
		{
			"from": [9.5, 10, 6.5],
			"to": [10.5, 12, 9.5],
			"rotation": {"angle": 0, "axis": "y", "origin": [10.5, 10, 6.5]},
			"faces": {
				"north": {"uv": [0, 0, 1, 1], "texture": "#missing"},
				"east": {"uv": [10, 3, 7, 5], "texture": "#0"},
				"south": {"uv": [0, 0, 1, 1], "texture": "#missing"},
				"west": {"uv": [0, 0, 1, 1], "texture": "#missing"},
				"up": {"uv": [7, 4, 10, 3], "rotation": 90, "texture": "#0"},
				"down": {"uv": [10, 5, 7, 4], "rotation": 90, "texture": "#0"}
			}
		},
		{
			"from": [8.5, 12, 7.5],
			"to": [9.5, 13, 8.5],
			"rotation": {"angle": 0, "axis": "y", "origin": [9.5, 12, 6.5]},
			"faces": {
				"north": {"uv": [0, 0, 1, 1], "texture": "#missing"},
				"east": {"uv": [9, 2, 8, 3], "texture": "#0"},
				"south": {"uv": [0, 0, 1, 1], "texture": "#missing"},
				"west": {"uv": [0, 0, 1, 1], "texture": "#missing"},
				"up": {"uv": [8, 2, 9, 3], "texture": "#0"},
				"down": {"uv": [0, 0, 1, 1], "rotation": 270, "texture": "#missing"}
			}
		},
		{
			"from": [6.5, 0, 8.5],
			"to": [9.5, 1, 9.5],
			"rotation": {"angle": 0, "axis": "y", "origin": [9.5, 0, 9.5]},
			"faces": {
				"north": {"uv": [0, 0, 1, 1], "texture": "#missing"},
				"east": {"uv": [9, 14, 10, 15], "texture": "#0"},
				"south": {"uv": [7, 14, 10, 15], "texture": "#0"},
				"west": {"uv": [7, 14, 8, 15], "texture": "#0"},
				"up": {"uv": [1, 1, 0, 0], "texture": "#missing"},
				"down": {"uv": [7, 15, 10, 14], "texture": "#0"}
			}
		},
		{
			"from": [5.5, 1, 9.5],
			"to": [10.5, 2, 10.5],
			"rotation": {"angle": 0, "axis": "y", "origin": [9.5, 1, 10.5]},
			"faces": {
				"north": {"uv": [0, 0, 1, 1], "texture": "#missing"},
				"east": {"uv": [10, 13, 11, 14], "texture": "#0"},
				"south": {"uv": [6, 13, 11, 14], "texture": "#0"},
				"west": {"uv": [7, 14, 8, 15], "texture": "#0"},
				"up": {"uv": [1, 1, 0, 0], "texture": "#missing"},
				"down": {"uv": [6, 14, 11, 13], "texture": "#0"}
			}
		},
		{
			"from": [4.5, 2, 10.5],
			"to": [11.5, 3, 11.5],
			"rotation": {"angle": 0, "axis": "y", "origin": [9.5, 2, 11.5]},
			"faces": {
				"north": {"uv": [0, 0, 1, 1], "texture": "#missing"},
				"east": {"uv": [11, 12, 12, 13], "texture": "#0"},
				"south": {"uv": [5, 12, 12, 13], "texture": "#0"},
				"west": {"uv": [5, 12, 6, 13], "texture": "#0"},
				"up": {"uv": [1, 1, 0, 0], "texture": "#missing"},
				"down": {"uv": [5, 13, 12, 12], "texture": "#0"}
			}
		},
		{
			"from": [3.5, 3, 11.5],
			"to": [12.5, 4, 12.5],
			"rotation": {"angle": 0, "axis": "y", "origin": [9.5, 3, 12.5]},
			"faces": {
				"north": {"uv": [0, 0, 1, 1], "texture": "#missing"},
				"east": {"uv": [5, 12, 6, 13], "texture": "#0"},
				"south": {"uv": [4, 11, 13, 12], "texture": "#0"},
				"west": {"uv": [5, 12, 6, 13], "texture": "#0"},
				"up": {"uv": [1, 1, 0, 0], "texture": "#missing"},
				"down": {"uv": [4, 12, 13, 11], "texture": "#0"}
			}
		},
		{
			"from": [2.5, 4, 12.5],
			"to": [13.5, 8, 13.5],
			"rotation": {"angle": 0, "axis": "y", "origin": [9.5, 4, 13.5]},
			"faces": {
				"north": {"uv": [0, 0, 1, 1], "texture": "#missing"},
				"east": {"uv": [13, 7, 14, 11], "texture": "#0"},
				"south": {"uv": [3, 7, 14, 11], "texture": "#0"},
				"west": {"uv": [3, 7, 4, 11], "texture": "#0"},
				"up": {"uv": [3, 8, 14, 7], "texture": "#0"},
				"down": {"uv": [3, 11, 14, 10], "texture": "#0"}
			}
		},
		{
			"from": [3.5, 8, 11.5],
			"to": [12.5, 9, 12.5],
			"rotation": {"angle": 0, "axis": "y", "origin": [9.5, 8, 12.5]},
			"faces": {
				"north": {"uv": [0, 0, 1, 1], "texture": "#missing"},
				"east": {"uv": [12, 6, 13, 7], "texture": "#0"},
				"south": {"uv": [4, 6, 13, 7], "texture": "#0"},
				"west": {"uv": [4, 6, 5, 7], "texture": "#0"},
				"up": {"uv": [4, 7, 13, 6], "texture": "#0"},
				"down": {"uv": [1, 1, 0, 0], "texture": "#missing"}
			}
		},
		{
			"from": [4.5, 8, 9.5],
			"to": [11.5, 9, 11.5],
			"rotation": {"angle": 0, "axis": "y", "origin": [9.5, 8, 11.5]},
			"faces": {
				"north": {"uv": [0, 0, 1, 1], "texture": "#missing"},
				"east": {"uv": [12, 6, 13, 7], "texture": "#0"},
				"south": {"uv": [4, 6, 13, 7], "texture": "#0"},
				"west": {"uv": [4, 6, 5, 7], "texture": "#0"},
				"up": {"uv": [7, 6, 14, 8], "texture": "#0"},
				"down": {"uv": [1, 1, 0, 0], "texture": "#missing"}
			}
		},
		{
			"from": [4.5, 8, 4.5],
			"to": [11.5, 9, 6.5],
			"rotation": {"angle": 0, "axis": "y", "origin": [9.5, 8, 4.5]},
			"faces": {
				"north": {"uv": [13, 6, 4, 7], "texture": "#0"},
				"east": {"uv": [13, 6, 12, 7], "texture": "#0"},
				"south": {"uv": [1, 0, 0, 1], "texture": "#missing"},
				"west": {"uv": [5, 6, 4, 7], "texture": "#0"},
				"up": {"uv": [14, 8, 7, 6], "texture": "#0"},
				"down": {"uv": [1, 0, 0, 1], "texture": "#missing"}
			}
		},
		{
			"from": [6.5, 9, 8.5],
			"to": [9.5, 10, 9.5],
			"rotation": {"angle": 0, "axis": "y", "origin": [9.5, 9, 9.5]},
			"faces": {
				"north": {"uv": [0, 0, 1, 1], "texture": "#missing"},
				"east": {"uv": [9, 5, 10, 6], "texture": "#0"},
				"south": {"uv": [7, 5, 10, 6], "texture": "#0"},
				"west": {"uv": [7, 5, 8, 6], "texture": "#0"},
				"up": {"uv": [1, 1, 0, 0], "texture": "#missing"},
				"down": {"uv": [1, 1, 0, 0], "texture": "#missing"}
			}
		},
		{
			"from": [5.5, 10, 9.5],
			"to": [10.5, 12, 10.5],
			"rotation": {"angle": 0, "axis": "y", "origin": [9.5, 10, 10.5]},
			"faces": {
				"north": {"uv": [0, 0, 1, 1], "texture": "#missing"},
				"east": {"uv": [10, 3, 11, 5], "texture": "#0"},
				"south": {"uv": [6, 3, 11, 5], "texture": "#0"},
				"west": {"uv": [6, 3, 7, 5], "texture": "#0"},
				"up": {"uv": [6, 4, 11, 3], "texture": "#0"},
				"down": {"uv": [6, 5, 11, 4], "texture": "#0"}
			}
		},
		{
			"from": [6.5, 12, 8.5],
			"to": [9.5, 13, 9.5],
			"rotation": {"angle": 0, "axis": "y", "origin": [9.5, 12, 9.5]},
			"faces": {
				"north": {"uv": [0, 0, 1, 1], "texture": "#missing"},
				"east": {"uv": [8, 1, 9, 2], "texture": "#0"},
				"south": {"uv": [7, 2, 10, 3], "texture": "#0"},
				"west": {"uv": [7, 2, 8, 3], "texture": "#0"},
				"up": {"uv": [7, 3, 10, 2], "texture": "#0"},
				"down": {"uv": [1, 1, 0, 0], "texture": "#missing"}
			}
		},
		{
			"from": [7.5, 13, 7.5],
			"to": [8.5, 14, 8.5],
			"rotation": {"angle": 0, "axis": "y", "origin": [9.5, 13, 8.5]},
			"faces": {
				"north": {"uv": [8, 1, 9, 2], "texture": "#0"},
				"east": {"uv": [8, 1, 9, 2], "texture": "#0"},
				"south": {"uv": [8, 1, 9, 2], "texture": "#0"},
				"west": {"uv": [9, 1, 8, 2], "texture": "#0"},
				"up": {"uv": [9, 2, 8, 1], "texture": "#0"},
				"down": {"uv": [1, 1, 0, 0], "texture": "#missing"}
			}
		},
		{
			"from": [6.5, 12, 7.5],
			"to": [7.5, 13, 8.5],
			"rotation": {"angle": 0, "axis": "y", "origin": [6.5, 12, 9.5]},
			"faces": {
				"north": {"uv": [0, 0, 1, 1], "texture": "#missing"},
				"east": {"uv": [0, 0, 1, 1], "texture": "#missing"},
				"south": {"uv": [0, 0, 1, 1], "texture": "#missing"},
				"west": {"uv": [9, 2, 8, 3], "texture": "#0"},
				"up": {"uv": [9, 3, 8, 2], "texture": "#0"},
				"down": {"uv": [1, 1, 0, 0], "rotation": 270, "texture": "#missing"}
			}
		},
		{
			"from": [5.5, 10, 6.5],
			"to": [6.5, 12, 9.5],
			"rotation": {"angle": 0, "axis": "y", "origin": [5.5, 10, 9.5]},
			"faces": {
				"north": {"uv": [0, 0, 1, 1], "texture": "#missing"},
				"east": {"uv": [0, 0, 1, 1], "texture": "#missing"},
				"south": {"uv": [0, 0, 1, 1], "texture": "#missing"},
				"west": {"uv": [10, 3, 7, 5], "texture": "#0"},
				"up": {"uv": [10, 3, 7, 4], "rotation": 90, "texture": "#0"},
				"down": {"uv": [7, 4, 10, 5], "rotation": 90, "texture": "#0"}
			}
		},
		{
			"from": [6.5, 9, 7.5],
			"to": [7.5, 10, 8.5],
			"rotation": {"angle": 0, "axis": "y", "origin": [6.5, 9, 9.5]},
			"faces": {
				"north": {"uv": [0, 0, 1, 1], "texture": "#missing"},
				"east": {"uv": [0, 0, 1, 1], "texture": "#missing"},
				"south": {"uv": [0, 0, 1, 1], "texture": "#missing"},
				"west": {"uv": [9, 5, 8, 6], "texture": "#0"},
				"up": {"uv": [1, 1, 0, 0], "rotation": 90, "texture": "#missing"},
				"down": {"uv": [1, 1, 0, 0], "rotation": 270, "texture": "#missing"}
			}
		},
		{
			"from": [2.5, 4, 3.5],
			"to": [3.5, 8, 12.5],
			"rotation": {"angle": 0, "axis": "y", "origin": [2.5, 4, 9.5]},
			"faces": {
				"north": {"uv": [0, 0, 1, 1], "texture": "#missing"},
				"east": {"uv": [0, 0, 1, 1], "texture": "#missing"},
				"south": {"uv": [0, 0, 1, 1], "texture": "#missing"},
				"west": {"uv": [13, 7, 4, 11], "texture": "#0"},
				"up": {"uv": [13, 7, 4, 8], "rotation": 90, "texture": "#0"},
				"down": {"uv": [4, 10, 13, 11], "rotation": 90, "texture": "#0"}
			}
		},
		{
			"from": [3.5, 3, 4.5],
			"to": [4.5, 4, 11.5],
			"rotation": {"angle": 0, "axis": "y", "origin": [3.5, 3, 9.5]},
			"faces": {
				"north": {"uv": [0, 0, 1, 1], "texture": "#missing"},
				"east": {"uv": [0, 0, 1, 1], "texture": "#missing"},
				"south": {"uv": [0, 0, 1, 1], "texture": "#missing"},
				"west": {"uv": [12, 11, 5, 12], "texture": "#0"},
				"up": {"uv": [1, 1, 0, 0], "rotation": 90, "texture": "#missing"},
				"down": {"uv": [5, 11, 12, 12], "rotation": 90, "texture": "#0"}
			}
		},
		{
			"from": [4.5, 2, 5.5],
			"to": [5.5, 3, 10.5],
			"rotation": {"angle": 0, "axis": "y", "origin": [4.5, 2, 9.5]},
			"faces": {
				"north": {"uv": [0, 0, 1, 1], "texture": "#missing"},
				"east": {"uv": [0, 0, 1, 1], "texture": "#missing"},
				"south": {"uv": [0, 0, 1, 1], "texture": "#missing"},
				"west": {"uv": [11, 12, 6, 13], "texture": "#0"},
				"up": {"uv": [1, 1, 0, 0], "rotation": 90, "texture": "#missing"},
				"down": {"uv": [6, 12, 11, 13], "rotation": 90, "texture": "#0"}
			}
		},
		{
			"from": [5.5, 1, 6.5],
			"to": [6.5, 2, 9.5],
			"rotation": {"angle": 0, "axis": "y", "origin": [5.5, 1, 9.5]},
			"faces": {
				"north": {"uv": [0, 0, 1, 1], "texture": "#missing"},
				"east": {"uv": [0, 0, 1, 1], "texture": "#missing"},
				"south": {"uv": [0, 0, 1, 1], "texture": "#missing"},
				"west": {"uv": [10, 13, 7, 14], "texture": "#0"},
				"up": {"uv": [1, 1, 0, 0], "rotation": 90, "texture": "#missing"},
				"down": {"uv": [7, 13, 10, 14], "rotation": 90, "texture": "#0"}
			}
		},
		{
			"from": [6.5, 0, 7.5],
			"to": [7.5, 1, 8.5],
			"rotation": {"angle": 0, "axis": "y", "origin": [6.5, 0, 9.5]},
			"faces": {
				"north": {"uv": [0, 0, 1, 1], "texture": "#missing"},
				"east": {"uv": [0, 0, 1, 1], "texture": "#missing"},
				"south": {"uv": [0, 0, 1, 1], "texture": "#missing"},
				"west": {"uv": [9, 14, 8, 15], "texture": "#0"},
				"up": {"uv": [1, 1, 0, 0], "rotation": 90, "texture": "#missing"},
				"down": {"uv": [8, 15, 9, 14], "texture": "#0"}
			}
		},
		{
			"from": [3.5, 8, 4.5],
			"to": [4.5, 9, 11.5],
			"rotation": {"angle": 0, "axis": "y", "origin": [3.5, 8, 9.5]},
			"faces": {
				"north": {"uv": [0, 0, 1, 1], "texture": "#missing"},
				"east": {"uv": [0, 0, 1, 1], "texture": "#missing"},
				"south": {"uv": [0, 0, 1, 1], "texture": "#missing"},
				"west": {"uv": [12, 6, 5, 7], "texture": "#0"},
				"up": {"uv": [12, 6, 5, 7], "rotation": 90, "texture": "#0"},
				"down": {"uv": [1, 1, 0, 0], "rotation": 270, "texture": "#missing"}
			}
		},
		{
			"from": [4.5, 8, 6.5],
			"to": [6.5, 9, 9.5],
			"rotation": {"angle": 0, "axis": "y", "origin": [4.5, 8, 9.5]},
			"faces": {
				"north": {"uv": [0, 0, 1, 1], "texture": "#missing"},
				"east": {"uv": [0, 0, 1, 1], "texture": "#missing"},
				"south": {"uv": [0, 0, 1, 1], "texture": "#missing"},
				"west": {"uv": [12, 6, 5, 7], "texture": "#0"},
				"up": {"uv": [9, 8, 6, 6], "rotation": 90, "texture": "#0"},
				"down": {"uv": [1, 1, 0, 0], "rotation": 270, "texture": "#missing"}
			}
		},
		{
			"from": [9.5, 8, 6.5],
			"to": [11.5, 9, 9.5],
			"rotation": {"angle": 0, "axis": "y", "origin": [11.5, 8, 9.5]},
			"faces": {
				"north": {"uv": [1, 0, 0, 1], "texture": "#missing"},
				"east": {"uv": [5, 6, 12, 7], "texture": "#0"},
				"south": {"uv": [1, 0, 0, 1], "texture": "#missing"},
				"west": {"uv": [1, 0, 0, 1], "texture": "#missing"},
				"up": {"uv": [6, 6, 9, 8], "rotation": 90, "texture": "#0"},
				"down": {"uv": [1, 0, 0, 1], "rotation": 270, "texture": "#missing"}
			}
		}
	]
}