{
	"credit": "Made by Kchem & coolbot",
	"parent": "block/block",
	"textures": {
		"particle": "#all"
	},
	"elements": [
		{
			"name": "block",
			"from": [0, 0, 0],
			"to": [16, 16, 16],
			"shade": false,
			"faces": {
				"north": {"uv": [0, 0, 16, 16], "texture": "#all", "cullface": "north", "tintindex": 0},
				"east": {"uv": [0, 0, 16, 16], "texture": "#all", "cullface": "east", "tintindex": 0},
				"south": {"uv": [0, 0, 16, 16], "texture": "#all", "cullface": "south", "tintindex": 0},
				"west": {"uv": [0, 0, 16, 16], "texture": "#all", "cullface": "west", "tintindex": 0},
				"up": {"uv": [0, 0, 16, 16], "texture": "#all", "cullface": "up", "tintindex": 0},
				"down": {"uv": [0, 0, 16, 16], "texture": "#all", "cullface": "down", "tintindex": 0}
			}
		},
		{
			"name": "top",
			"from": [8, 20, 3.3],
			"to": [8, 21, 13.3],
			"shade": false,
			"rotation": {"angle": 45, "axis": "y", "origin": [8, 18.25, 8.3]},
			"faces": {
				"east": {"uv": [3, 2, 13, 1], "rotation": 180, "texture": "#all", "cullface": "up", "tintindex": 0},
				"west": {"uv": [3, 2, 13, 1], "rotation": 180, "texture": "#all", "cullface": "up", "tintindex": 0}
			}
		},
		{
			"name": "top",
			"from": [8, 18, 1.3],
			"to": [8, 20, 15.3],
			"shade": false,
			"rotation": {"angle": 45, "axis": "y", "origin": [8, 18.25, 8.3]},
			"faces": {
				"east": {"uv": [1, 4, 15, 2], "rotation": 180, "texture": "#all", "cullface": "up", "tintindex": 0},
				"west": {"uv": [1, 4, 15, 2], "rotation": 180, "texture": "#all", "cullface": "up", "tintindex": 0}
			}
		},
		{
			"name": "top",
			"from": [8, 16, 8.3],
			"to": [8, 18, 17.3],
			"shade": false,
			"rotation": {"angle": 45, "axis": "y", "origin": [8, 18.25, 8.3]},
			"faces": {
				"east": {"uv": [7, 6, 16, 4], "rotation": 180, "texture": "#all", "cullface": "up", "tintindex": 0},
				"west": {"uv": [7, 6, 16, 4], "rotation": 180, "texture": "#all", "cullface": "up", "tintindex": 0}
			}
		},
		{
			"name": "top",
			"from": [8, 16, -0.7],
			"to": [8, 18, 8.3],
			"shade": false,
			"rotation": {"angle": 45, "axis": "y", "origin": [8, 18.25, 8.3]},
			"faces": {
				"east": {"uv": [0, 6, 9, 4], "rotation": 180, "texture": "#all", "cullface": "up", "tintindex": 0},
				"west": {"uv": [0, 6, 9, 4], "rotation": 180, "texture": "#all", "cullface": "up", "tintindex": 0}
			}
		},
		{
			"name": "top",
			"from": [-1, 16, 8.3],
			"to": [8, 18, 8.3],
			"shade": false,
			"rotation": {"angle": 45, "axis": "y", "origin": [8, 18.25, 8.3]},
			"faces": {
				"north": {"uv": [0, 7, 9, 5], "rotation": 180, "texture": "#all", "cullface": "up", "tintindex": 0},
				"south": {"uv": [0, 7, 9, 5], "rotation": 180, "texture": "#all", "cullface": "up", "tintindex": 0}
			}
		},
		{
			"name": "top",
			"from": [3, 20, 8.3],
			"to": [13, 21, 8.3],
			"shade": false,
			"rotation": {"angle": 45, "axis": "y", "origin": [8, 18.25, 8.3]},
			"faces": {
				"north": {"uv": [4, 3, 14, 2], "rotation": 180, "texture": "#all", "cullface": "up", "tintindex": 0},
				"south": {"uv": [4, 3, 14, 2], "rotation": 180, "texture": "#all", "cullface": "up", "tintindex": 0}
			}
		},
		{
			"name": "top",
			"from": [1, 18, 8.3],
			"to": [15, 20, 8.3],
			"shade": false,
			"rotation": {"angle": 45, "axis": "y", "origin": [8, 18.25, 8.3]},
			"faces": {
				"north": {"uv": [2, 5, 16, 3], "rotation": 180, "texture": "#all", "cullface": "up", "tintindex": 0},
				"south": {"uv": [2, 5, 16, 3], "rotation": 180, "texture": "#all", "cullface": "up", "tintindex": 0}
			}
		},
		{
			"name": "top",
			"from": [8, 16, 8.3],
			"to": [17, 18, 8.3],
			"shade": false,
			"rotation": {"angle": 45, "axis": "y", "origin": [8, 18.25, 8.3]},
			"faces": {
				"north": {"uv": [7, 7, 16, 5], "rotation": 180, "texture": "#all", "cullface": "up", "tintindex": 0},
				"south": {"uv": [7, 7, 16, 5], "rotation": 180, "texture": "#all", "cullface": "up", "tintindex": 0}
			}
		},
		{
			"name": "down",
			"from": [8, -5, 3.3],
			"to": [8, -4, 13.3],
			"shade": false,
			"rotation": {"angle": -45, "axis": "y", "origin": [8, -2.25, 8.3]},
			"faces": {
				"east": {"uv": [4, 15, 14, 14], "texture": "#all", "cullface": "down", "tintindex": 0},
				"west": {"uv": [3, 14, 13, 13], "texture": "#all", "cullface": "down", "tintindex": 0}
			}
		},
		{
			"name": "down",
			"from": [8, -4, 1.3],
			"to": [8, -2, 15.3],
			"shade": false,
			"rotation": {"angle": -45, "axis": "y", "origin": [8, -2.25, 8.3]},
			"faces": {
				"east": {"uv": [1, 14, 15, 12], "texture": "#all", "cullface": "down", "tintindex": 0},
				"west": {"uv": [1, 14, 15, 12], "texture": "#all", "cullface": "down", "tintindex": 0}
			}
		},
		{
			"name": "down",
			"from": [8, -2, 8.3],
			"to": [8, 0, 17.3],
			"shade": false,
			"rotation": {"angle": -45, "axis": "y", "origin": [8, -2.25, 8.3]},
			"faces": {
				"east": {"uv": [7, 6, 16, 4], "texture": "#all", "cullface": "down", "tintindex": 0},
				"west": {"uv": [7, 12, 16, 10], "texture": "#all", "cullface": "down", "tintindex": 0}
			}
		},
		{
			"name": "down",
			"from": [8, -2, -0.7],
			"to": [8, 0, 8.3],
			"shade": false,
			"rotation": {"angle": -45, "axis": "y", "origin": [8, -2.25, 8.3]},
			"faces": {
				"east": {"uv": [0, 6, 9, 4], "texture": "#all", "cullface": "down", "tintindex": 0},
				"west": {"uv": [0, 12, 9, 10], "texture": "#all", "cullface": "down", "tintindex": 0}
			}
		},
		{
			"name": "down",
			"from": [8, -2, 8.3],
			"to": [17, 0, 8.3],
			"shade": false,
			"rotation": {"angle": -45, "axis": "y", "origin": [8, -2.25, 8.3]},
			"faces": {
				"north": {"uv": [0, 13, 9, 11], "texture": "#all", "cullface": "down", "tintindex": 0},
				"south": {"uv": [0, 13, 9, 11], "texture": "#all", "cullface": "down", "tintindex": 0}
			}
		},
		{
			"name": "down",
			"from": [3, -5, 8.3],
			"to": [13, -4, 8.3],
			"shade": false,
			"rotation": {"angle": -45, "axis": "y", "origin": [8, -2.25, 8.3]},
			"faces": {
				"north": {"uv": [4, 3, 14, 2], "texture": "#all", "cullface": "down", "tintindex": 0},
				"south": {"uv": [4, 15, 14, 14], "texture": "#all", "cullface": "down", "tintindex": 0}
			}
		},
		{
			"name": "down",
			"from": [1, -4, 8.3],
			"to": [15, -2, 8.3],
			"shade": false,
			"rotation": {"angle": -45, "axis": "y", "origin": [8, -2.25, 8.3]},
			"faces": {
				"north": {"uv": [2, 5, 16, 3], "texture": "#all", "cullface": "down", "tintindex": 0},
				"south": {"uv": [2, 15, 16, 13], "texture": "#all", "cullface": "down", "tintindex": 0}
			}
		},
		{
			"name": "down",
			"from": [-1, -2, 8.3],
			"to": [8, 0, 8.3],
			"shade": false,
			"rotation": {"angle": -45, "axis": "y", "origin": [8, -2.25, 8.3]},
			"faces": {
				"north": {"uv": [7, 13, 16, 11], "texture": "#all", "cullface": "down", "tintindex": 0},
				"south": {"uv": [7, 13, 16, 11], "texture": "#all", "cullface": "down", "tintindex": 0}
			}
		},
		{
			"name": "west",
			"from": [20.25, 7.75, 3.3],
			"to": [21.25, 7.75, 13.3],
			"shade": false,
			"rotation": {"angle": 45, "axis": "x", "origin": [18.5, 7.75, 8.3]},
			"faces": {
				"up": {"uv": [3, 6, 13, 5], "rotation": 270, "texture": "#all", "cullface": "east", "tintindex": 0},
				"down": {"uv": [3, 6, 13, 5], "rotation": 270, "texture": "#all", "cullface": "east", "tintindex": 0}
			}
		},
		{
			"name": "west",
			"from": [18.25, 7.75, 1.3],
			"to": [20.25, 7.75, 15.3],
			"shade": false,
			"rotation": {"angle": 45, "axis": "x", "origin": [18.5, 7.75, 8.3]},
			"faces": {
				"up": {"uv": [1, 8, 15, 6], "rotation": 270, "texture": "#all", "cullface": "east", "tintindex": 0},
				"down": {"uv": [1, 8, 15, 6], "rotation": 270, "texture": "#all", "cullface": "east", "tintindex": 0}
			}
		},
		{
			"name": "west",
			"from": [16.25, 7.75, 8.3],
			"to": [18.25, 7.75, 17.3],
			"shade": false,
			"rotation": {"angle": 45, "axis": "x", "origin": [18.5, 7.75, 8.3]},
			"faces": {
				"up": {"uv": [7, 10, 16, 8], "rotation": 270, "texture": "#all", "cullface": "east", "tintindex": 0},
				"down": {"uv": [7, 10, 16, 8], "rotation": 270, "texture": "#all", "cullface": "east", "tintindex": 0}
			}
		},
		{
			"name": "west",
			"from": [16.25, 7.75, -0.7],
			"to": [18.25, 7.75, 8.3],
			"shade": false,
			"rotation": {"angle": 45, "axis": "x", "origin": [18.5, 7.75, 8.3]},
			"faces": {
				"up": {"uv": [0, 10, 9, 8], "rotation": 270, "texture": "#all", "cullface": "east", "tintindex": 0},
				"down": {"uv": [0, 10, 9, 8], "rotation": 270, "texture": "#all", "cullface": "east", "tintindex": 0}
			}
		},
		{
			"name": "west",
			"from": [16.25, 7.75, 8.3],
			"to": [18.25, 16.75, 8.3],
			"shade": false,
			"rotation": {"angle": 45, "axis": "x", "origin": [18.5, 7.75, 8.3]},
			"faces": {
				"north": {"uv": [0, 13, 9, 11], "rotation": 90, "texture": "#all", "cullface": "east", "tintindex": 0},
				"south": {"uv": [0, 13, 9, 11], "rotation": 270, "texture": "#all", "cullface": "east", "tintindex": 0}
			}
		},
		{
			"name": "west",
			"from": [20.25, 2.75, 8.3],
			"to": [21.25, 12.75, 8.3],
			"shade": false,
			"rotation": {"angle": 45, "axis": "x", "origin": [18.5, 7.75, 8.3]},
			"faces": {
				"north": {"uv": [1, 9, 11, 8], "rotation": 90, "texture": "#all", "cullface": "east", "tintindex": 0},
				"south": {"uv": [1, 9, 11, 8], "rotation": 270, "texture": "#all", "cullface": "east", "tintindex": 0}
			}
		},
		{
			"name": "west",
			"from": [18.25, 0.75, 8.3],
			"to": [20.25, 14.75, 8.3],
			"shade": false,
			"rotation": {"angle": 45, "axis": "x", "origin": [18.5, 7.75, 8.3]},
			"faces": {
				"north": {"uv": [0, 11, 14, 9], "rotation": 90, "texture": "#all", "cullface": "east", "tintindex": 0},
				"south": {"uv": [0, 11, 14, 9], "rotation": 270, "texture": "#all", "cullface": "east", "tintindex": 0}
			}
		},
		{
			"name": "west",
			"from": [16.25, -1.25, 8.3],
			"to": [18.25, 7.75, 8.3],
			"shade": false,
			"rotation": {"angle": 45, "axis": "x", "origin": [18.5, 7.75, 8.3]},
			"faces": {
				"north": {"uv": [7, 13, 16, 11], "rotation": 90, "texture": "#all", "cullface": "east", "tintindex": 0},
				"south": {"uv": [7, 13, 16, 11], "rotation": 270, "texture": "#all", "cullface": "east", "tintindex": 0}
			}
		},
		{
			"name": "east",
			"from": [-5.05, 7.75, 3.3],
			"to": [-4.05, 7.75, 13.3],
			"shade": false,
			"rotation": {"angle": -45, "axis": "x", "origin": [-2.8, 7.75, 8.3]},
			"faces": {
				"up": {"uv": [3, 6, 13, 5], "rotation": 90, "texture": "#all", "cullface": "west", "tintindex": 0},
				"down": {"uv": [3, 6, 13, 5], "rotation": 90, "texture": "#all", "cullface": "west", "tintindex": 0}
			}
		},
		{
			"name": "east",
			"from": [-4.05, 7.75, 1.3],
			"to": [-2.05, 7.75, 15.3],
			"shade": false,
			"rotation": {"angle": -45, "axis": "x", "origin": [-2.8, 7.75, 8.3]},
			"faces": {
				"up": {"uv": [1, 8, 15, 6], "rotation": 90, "texture": "#all", "cullface": "west", "tintindex": 0},
				"down": {"uv": [1, 8, 15, 6], "rotation": 90, "texture": "#all", "cullface": "west", "tintindex": 0}
			}
		},
		{
			"name": "east",
			"from": [-2.05, 7.75, 8.3],
			"to": [-0.05, 7.75, 17.3],
			"shade": false,
			"rotation": {"angle": -45, "axis": "x", "origin": [-2.8, 7.75, 8.3]},
			"faces": {
				"up": {"uv": [7, 10, 16, 8], "rotation": 90, "texture": "#all", "cullface": "west", "tintindex": 0},
				"down": {"uv": [7, 10, 16, 8], "rotation": 90, "texture": "#all", "cullface": "west", "tintindex": 0}
			}
		},
		{
			"name": "east",
			"from": [-2.05, 7.75, -0.7],
			"to": [-0.05, 7.75, 8.3],
			"shade": false,
			"rotation": {"angle": -45, "axis": "x", "origin": [-2.8, 7.75, 8.3]},
			"faces": {
				"up": {"uv": [0, 10, 9, 8], "rotation": 90, "texture": "#all", "cullface": "west", "tintindex": 0},
				"down": {"uv": [0, 10, 9, 8], "rotation": 90, "texture": "#all", "cullface": "west", "tintindex": 0}
			}
		},
		{
			"name": "east",
			"from": [-2.05, -1.25, 8.3],
			"to": [-0.05, 7.75, 8.3],
			"shade": false,
			"rotation": {"angle": -45, "axis": "x", "origin": [-2.8, 7.75, 8.3]},
			"faces": {
				"north": {"uv": [0, 13, 9, 11], "rotation": 270, "texture": "#all", "cullface": "west", "tintindex": 0},
				"south": {"uv": [0, 13, 9, 11], "rotation": 90, "texture": "#all", "cullface": "west", "tintindex": 0}
			}
		},
		{
			"name": "east",
			"from": [-5.05, 2.75, 8.3],
			"to": [-4.05, 12.75, 8.3],
			"shade": false,
			"rotation": {"angle": -45, "axis": "x", "origin": [-2.8, 7.75, 8.3]},
			"faces": {
				"north": {"uv": [1, 9, 11, 8], "rotation": 270, "texture": "#all", "cullface": "west", "tintindex": 0},
				"south": {"uv": [1, 9, 11, 8], "rotation": 90, "texture": "#all", "cullface": "west", "tintindex": 0}
			}
		},
		{
			"name": "east",
			"from": [-4.05, 0.75, 8.3],
			"to": [-2.05, 14.75, 8.3],
			"shade": false,
			"rotation": {"angle": -45, "axis": "x", "origin": [-2.8, 7.75, 8.3]},
			"faces": {
				"north": {"uv": [0, 11, 14, 9], "rotation": 270, "texture": "#all", "cullface": "west", "tintindex": 0},
				"south": {"uv": [0, 11, 14, 9], "rotation": 90, "texture": "#all", "cullface": "west", "tintindex": 0}
			}
		},
		{
			"name": "east",
			"from": [-2.05, 7.75, 8.3],
			"to": [-0.05, 16.75, 8.3],
			"shade": false,
			"rotation": {"angle": -45, "axis": "x", "origin": [-2.8, 7.75, 8.3]},
			"faces": {
				"north": {"uv": [7, 13, 16, 11], "rotation": 270, "texture": "#all", "cullface": "west", "tintindex": 0},
				"south": {"uv": [7, 13, 16, 11], "rotation": 90, "texture": "#all", "cullface": "west", "tintindex": 0}
			}
		},
		{
			"name": "north",
			"from": [8.2, 2.75, -5.05],
			"to": [8.2, 12.75, -4.05],
			"shade": false,
			"rotation": {"angle": 45, "axis": "z", "origin": [8.2, 7.75, -2.8]},
			"faces": {
				"east": {"uv": [3, 6, 13, 5], "rotation": 270, "texture": "#all", "cullface": "north", "tintindex": 0},
				"west": {"uv": [3, 6, 13, 5], "rotation": 90, "texture": "#all", "cullface": "north", "tintindex": 0}
			}
		},
		{
			"name": "north",
			"from": [8.2, 0.75, -4.05],
			"to": [8.2, 14.75, -2.05],
			"shade": false,
			"rotation": {"angle": 45, "axis": "z", "origin": [8.2, 7.75, -2.8]},
			"faces": {
				"east": {"uv": [1, 8, 15, 6], "rotation": 270, "texture": "#all", "cullface": "north", "tintindex": 0},
				"west": {"uv": [1, 8, 15, 6], "rotation": 90, "texture": "#all", "cullface": "north", "tintindex": 0}
			}
		},
		{
			"name": "north",
			"from": [8.2, 7.75, -2.05],
			"to": [8.2, 16.75, -0.05],
			"shade": false,
			"rotation": {"angle": 45, "axis": "z", "origin": [8.2, 7.75, -2.8]},
			"faces": {
				"east": {"uv": [7, 10, 16, 8], "rotation": 270, "texture": "#all", "cullface": "north", "tintindex": 0},
				"west": {"uv": [7, 10, 16, 8], "rotation": 90, "texture": "#all", "cullface": "north", "tintindex": 0}
			}
		},
		{
			"name": "north",
			"from": [8.2, -1.25, -2.05],
			"to": [8.2, 7.75, -0.05],
			"shade": false,
			"rotation": {"angle": 45, "axis": "z", "origin": [8.2, 7.75, -2.8]},
			"faces": {
				"east": {"uv": [0, 10, 9, 8], "rotation": 270, "texture": "#all", "cullface": "north", "tintindex": 0},
				"west": {"uv": [0, 10, 9, 8], "rotation": 90, "texture": "#all", "cullface": "north", "tintindex": 0}
			}
		},
		{
			"name": "north",
			"from": [-0.8, 7.75, -2.05],
			"to": [8.2, 7.75, -0.05],
			"shade": false,
			"rotation": {"angle": 45, "axis": "z", "origin": [8.2, 7.75, -2.8]},
			"faces": {
				"up": {"uv": [0, 13, 9, 11], "rotation": 180, "texture": "#all", "cullface": "north", "tintindex": 0},
				"down": {"uv": [0, 13, 9, 11], "texture": "#all", "cullface": "north", "tintindex": 0}
			}
		},
		{
			"name": "north",
			"from": [3.2, 7.75, -5.05],
			"to": [13.2, 7.75, -4.05],
			"shade": false,
			"rotation": {"angle": 45, "axis": "z", "origin": [8.2, 7.75, -2.8]},
			"faces": {
				"up": {"uv": [1, 9, 11, 8], "rotation": 180, "texture": "#all", "cullface": "north", "tintindex": 0},
				"down": {"uv": [1, 9, 11, 8], "texture": "#all", "cullface": "north", "tintindex": 0}
			}
		},
		{
			"name": "north",
			"from": [1.2, 7.75, -4.05],
			"to": [15.2, 7.75, -2.05],
			"shade": false,
			"rotation": {"angle": 45, "axis": "z", "origin": [8.2, 7.75, -2.8]},
			"faces": {
				"up": {"uv": [0, 11, 14, 9], "rotation": 180, "texture": "#all", "cullface": "north", "tintindex": 0},
				"down": {"uv": [0, 11, 14, 9], "texture": "#all", "cullface": "north", "tintindex": 0}
			}
		},
		{
			"name": "north",
			"from": [8.2, 7.75, -2.05],
			"to": [17.2, 7.75, -0.05],
			"shade": false,
			"rotation": {"angle": 45, "axis": "z", "origin": [8.2, 7.75, -2.8]},
			"faces": {
				"up": {"uv": [7, 13, 16, 11], "rotation": 180, "texture": "#all", "cullface": "north", "tintindex": 0},
				"down": {"uv": [7, 13, 16, 11], "texture": "#all", "cullface": "north", "tintindex": 0}
			}
		},
		{
			"name": "south",
			"from": [8.2, 2.75, 19.95],
			"to": [8.2, 12.75, 20.95],
			"shade": false,
			"rotation": {"angle": -45, "axis": "z", "origin": [8.2, 7.75, 18.7]},
			"faces": {
				"east": {"uv": [3, 6, 13, 5], "rotation": 90, "texture": "#all", "cullface": "south", "tintindex": 0},
				"west": {"uv": [3, 6, 13, 5], "rotation": 270, "texture": "#all", "cullface": "south", "tintindex": 0}
			}
		},
		{
			"name": "south",
			"from": [8.2, 0.75, 17.95],
			"to": [8.2, 14.75, 19.95],
			"shade": false,
			"rotation": {"angle": -45, "axis": "z", "origin": [8.2, 7.75, 18.7]},
			"faces": {
				"east": {"uv": [1, 8, 15, 6], "rotation": 90, "texture": "#all", "cullface": "south", "tintindex": 0},
				"west": {"uv": [1, 8, 15, 6], "rotation": 270, "texture": "#all", "cullface": "south", "tintindex": 0}
			}
		},
		{
			"name": "south",
			"from": [8.2, 7.75, 15.95],
			"to": [8.2, 16.75, 17.95],
			"shade": false,
			"rotation": {"angle": -45, "axis": "z", "origin": [8.2, 7.75, 18.7]},
			"faces": {
				"east": {"uv": [7, 10, 16, 8], "rotation": 90, "texture": "#all", "cullface": "south", "tintindex": 0},
				"west": {"uv": [7, 10, 16, 8], "rotation": 270, "texture": "#all", "cullface": "south", "tintindex": 0}
			}
		},
		{
			"name": "south",
			"from": [8.2, -1.25, 15.95],
			"to": [8.2, 7.75, 17.95],
			"shade": false,
			"rotation": {"angle": -45, "axis": "z", "origin": [8.2, 7.75, 18.7]},
			"faces": {
				"east": {"uv": [0, 10, 9, 8], "rotation": 90, "texture": "#all", "cullface": "south", "tintindex": 0},
				"west": {"uv": [0, 10, 9, 8], "rotation": 270, "texture": "#all", "cullface": "south", "tintindex": 0}
			}
		},
		{
			"name": "south",
			"from": [8.2, 7.75, 15.95],
			"to": [17.2, 7.75, 17.95],
			"shade": false,
			"rotation": {"angle": -45, "axis": "z", "origin": [8.2, 7.75, 18.7]},
			"faces": {
				"up": {"uv": [0, 13, 9, 11], "texture": "#all", "cullface": "south", "tintindex": 0},
				"down": {"uv": [0, 13, 9, 11], "rotation": 180, "texture": "#all", "cullface": "south", "tintindex": 0}
			}
		},
		{
			"name": "south",
			"from": [3.2, 7.75, 19.95],
			"to": [13.2, 7.75, 20.95],
			"shade": false,
			"rotation": {"angle": -45, "axis": "z", "origin": [8.2, 7.75, 18.7]},
			"faces": {
				"up": {"uv": [1, 9, 11, 8], "texture": "#all", "cullface": "south", "tintindex": 0},
				"down": {"uv": [1, 9, 11, 8], "rotation": 180, "texture": "#all", "cullface": "south", "tintindex": 0}
			}
		},
		{
			"name": "south",
			"from": [1.2, 7.75, 17.95],
			"to": [15.2, 7.75, 19.95],
			"shade": false,
			"rotation": {"angle": -45, "axis": "z", "origin": [8.2, 7.75, 18.7]},
			"faces": {
				"up": {"uv": [0, 11, 14, 9], "texture": "#all", "cullface": "south", "tintindex": 0},
				"down": {"uv": [0, 11, 14, 9], "rotation": 180, "texture": "#all", "cullface": "south", "tintindex": 0}
			}
		},
		{
			"name": "south",
			"from": [-0.8, 7.75, 15.95],
			"to": [8.2, 7.75, 17.95],
			"shade": false,
			"rotation": {"angle": -45, "axis": "z", "origin": [8.2, 7.75, 18.7]},
			"faces": {
				"up": {"uv": [7, 13, 16, 11], "texture": "#all", "cullface": "south", "tintindex": 0},
				"down": {"uv": [7, 13, 16, 11], "rotation": 180, "texture": "#all", "cullface": "south", "tintindex": 0}
			}
		}
	],
	"groups": [
		0,
		{
			"name": "top1",
			"origin": [8, 18.25, 8],
			"color": 0,
			"shade": false,
			"children": [1, 2, 3, 4]
		},
		{
			"name": "top2",
			"origin": [8, 18.25, 8],
			"color": 0,
			"shade": false,
			"children": [5, 6, 7, 8]
		},
		{
			"name": "down1",
			"origin": [8, 18.25, 8],
			"color": 0,
			"shade": false,
			"children": [9, 10, 11, 12]
		},
		{
			"name": "down2",
			"origin": [8, 18.25, 8],
			"color": 0,
			"shade": false,
			"children": [13, 14, 15, 16]
		},
		{
			"name": "west1",
			"origin": [8, 18.25, 8],
			"color": 0,
			"shade": false,
			"children": [17, 18, 19, 20]
		},
		{
			"name": "west2",
			"origin": [8, 18.25, 8],
			"color": 0,
			"shade": false,
			"children": [21, 22, 23, 24]
		},
		{
			"name": "east1",
			"origin": [8, 18.25, 8],
			"color": 0,
			"shade": false,
			"children": [25, 26, 27, 28]
		},
		{
			"name": "east2",
			"origin": [8, 18.25, 8],
			"color": 0,
			"shade": false,
			"children": [29, 30, 31, 32]
		},
		{
			"name": "north",
			"origin": [8, 18.25, 8],
			"color": 0,
			"shade": false,
			"children": [33, 34, 35, 36]
		},
		{
			"name": "north2",
			"origin": [8, 18.25, 8],
			"color": 0,
			"shade": false,
			"children": [37, 38, 39, 40]
		},
		{
			"name": "south",
			"origin": [8, 18.25, 8],
			"color": 0,
			"shade": false,
			"children": [41, 42, 43, 44]
		},
		{
			"name": "south2",
			"origin": [8, 18.25, 8],
			"color": 0,
			"shade": false,
			"children": [45, 46, 47, 48]
		}
	]
}